Design#, Name, Performance, WallTemperature, tubeRadius, Conversion_CH4_outlet, Delta_Energy_Balance, Delta_Mass_Balance, Delta_p_abs, Density_inlet, Dynamic_Viscosity_inlet, Mach_Number_tube_inlet, p_abs_avg_inlet, p_abs_avg_outlet, Re_Particle_Number_inlet, Re_Tuble_Number_inlet, Selectivity_CO_outlet, Stoich_Number_outlet, T_avg_outlet, v_avg_outlet, v_inlet, Wall_Heat_Flux_avg, x_avg_CH4_outlet, x_avg_CO2_outlet, x_avg_CO_outlet, x_avg_H2_outlet, x_avg_H2O_outlet, Yield_CO_outlet,TotalHeatFlux, TotalHeatFlux(1rad), MassFlowAtInlet, MassFlowAtOutlet
1, Design 1,1,500,0.008,0.0376809,-0.0510753,-7.09E-10,40336.8,6.95911,1.23E-05,0.00138002,2.88E+06,2.84E+06,1885.71,67885.5,0.140331,0.770746,500.015,0.553949,0.952677,2284.48,0.235313,0.0194735,0.00139929,0.0355611,0.708253,0.00528778,1435.381117,228.448,-0.000212154,0.000212153
2, Design 2,1,500,0.01,0.0440732,-0.224491,1.44E-13,40447.3,6.95938,1.23E-05,0.00138646,2.88E+06,2.84E+06,1885.61,67882.1,0.1257,1.00036,500,0.556451,0.952593,2713.9,0.232682,0.020837,0.00144731,0.0431294,0.701905,0.00554003,2131.488934,339.237,-0.000331474,0.000331474
3, Design 3,1,500,0.012,0.0492854,-0.340327,-1.18E-14,40548.5,6.95962,1.23E-05,0.00139109,2.88E+06,2.84E+06,1885.62,67882.3,0.110382,1.10766,500,0.557861,0.952562,3139.19,0.230829,0.0220746,0.00141935,0.048098,0.697579,0.0054402,2958.613731,470.878,-0.000477323,0.000477323
4, Design 4,1,500,0.02,0.0642975,-1.06024,8.62E-13,40880.4,6.96042,1.23E-05,0.00140263,2.88E+06,2.84E+06,1885.43,67875.4,0.06743,1.36078,500.001,0.56186,0.952357,4767.16,0.225546,0.0258014,0.00114258,0.0624664,0.685044,0.00433558,7488.237417,1191.79,-0.00132577,0.00132577
5, Design 5,1,500,0.03,0.0761393,-2.55238,1.99E-13,41241.3,6.96129,1.23E-05,0.00141148,2.88E+06,2.84E+06,1885.48,67877.3,0.0441779,1.51727,500.001,0.565078,0.952264,6702.42,0.22143,0.0287272,0.000902983,0.0736842,0.675255,0.00336368,15792.22078,2513.41,-0.00298307,0.00298307
6, Design 6,1,500,0.04,0.083906,-4.63583,-5.82E-12,41586.7,6.96213,1.23E-05,0.0014176,2.88E+06,2.84E+06,1885.63,67882.7,0.0326836,1.60474,500.003,0.567227,0.952226,8582.05,0.218755,0.0306241,0.00075117,0.0809732,0.668896,0.00274235,26961.33665,4291.03,-0.00530367,0.00530367
7, Design 7,1,500,0.05,0.0891713,-7.00095,5.71E-11,41941.5,6.96298,1.23E-05,0.00142204,2.88E+06,2.84E+06,1885.82,67889.7,0.0257138,1.65833,500.005,0.568714,0.952206,10438.9,0.216953,0.0319088,0.000642181,0.0858893,0.664606,0.00229293,40993.44873,6524.31,-0.00828785,0.00828785
8, Design 8,1,500,0.06,0.0927201,-9.06731,3.39E-11,42321.2,6.9639,1.23E-05,0.00142534,2.89E+06,2.84E+06,1886.05,67897.8,0.0209798,1.69214,500.008,0.569747,0.952195,12293.3,0.215744,0.0327819,0.000558382,0.0891982,0.661717,0.00194525,57930.84287,9219.98,-0.011936,0.011936
9, Design 9,1,500,0.063,0.0935243,-9.51,-8.67E-13,42441.6,6.96419,1.23E-05,0.00142617,2.89E+06,2.84E+06,1886.12,67900.5,0.0198373,1.69955,500.01,0.56999,0.952193,12851.3,0.215471,0.032982,0.000536771,0.0899489,0.661061,0.00185527,63588.34858,10120.4,-0.0131599,0.0131599
10, Design 10,1,500,0.07,0.0950164,-9.86825,-2.97E-10,42736.5,6.9649,1.23E-05,0.00142787,2.89E+06,2.84E+06,1886.31,67907.1,0.0175314,1.71308,500.018,0.570458,0.952188,14158.9,0.214964,0.0333583,0.000491359,0.0913454,0.659841,0.00166577,77843.01109,12389.1,-0.0162484,0.0162484
11, Design 11,1,500,0.08,0.0963708,-7.98427,7.00E-10,43195.9,6.96601,1.23E-05,0.00142985,2.89E+06,2.84E+06,1886.6,67917.5,0.0148987,1.72508,500.053,0.570952,0.952183,16044.3,0.214505,0.0337132,0.00043643,0.092624,0.658721,0.0014358,100809.31,16044.3,-0.0212258,0.0212258
12, Design 12,1,550,0.008,0.0383365,-0.270095,4.08E-10,44480.5,6.96911,1.23E-05,0.00138202,2.89E+06,2.84E+06,1888.42,67983,0.0533445,0.775554,549.974,0.610233,0.952677,1994.12,0.23513,0.0204367,0.000601752,0.0367531,0.707078,0.00204504,1252.942548,199.412,-0.000212458,0.000212459
13, Design 13,1,550,0.01,0.0446212,-0.231194,-3.45E-14,44600.7,6.9694,1.23E-05,0.00138784,2.89E+06,2.84E+06,1888.33,67979.9,0.0508851,1.01194,550.002,0.61314,0.952593,2364.69,0.232488,0.0217614,0.000650772,0.0444411,0.700659,0.00227055,1857.221612,295.586,-0.000331951,0.000331951
14, Design 14,1,550,0.012,0.0497415,-0.349663,4.61E-14,44707.8,6.96966,1.23E-05,0.00139188,2.89E+06,2.84E+06,1888.34,67980.2,0.0439269,1.11631,550.003,0.614668,0.952562,2730.75,0.230669,0.0229714,0.000628349,0.049316,0.696416,0.00218499,2573.6681,409.612,-0.000478012,0.000478012
15, Design 15,1,550,0.02,0.0645944,-1.08046,1.11E-12,45052.7,6.97049,1.23E-05,0.00140227,2.89E+06,2.84E+06,1888.16,67973.6,0.0230425,1.36499,550.007,0.619034,0.952357,4121.52,0.225443,0.0265561,0.000455836,0.0634271,0.684118,0.00148842,6474.068477,1030.38,-0.00132769,0.00132769
16, Design 16,1,550,0.03,0.0762622,-2.58758,1.55E-12,45411.6,6.97136,1.23E-05,0.00141057,2.89E+06,2.84E+06,1888.21,67975.5,0.0134227,1.51864,550.013,0.622532,0.952264,5761.82,0.221388,0.0293163,0.000341826,0.0743561,0.674597,0.00102365,13575.95283,2160.68,-0.00298738,0.00298738
17, Design 17,1,550,0.04,0.0837468,-4.69162,4.39E-12,45737.8,6.97215,1.23E-05,0.00141647,2.89E+06,2.84E+06,1888.34,67980.4,0.00899117,1.60296,550.019,0.624818,0.952226,7351.29,0.21881,0.0310638,0.000275928,0.0813002,0.66855,0.000752982,23094.79007,3675.65,-0.0053113,0.0053113
18, Design 18,1,550,0.05,0.0886272,-7.09053,1.21E-11,46059.7,6.97292,1.23E-05,0.0014208,2.89E+06,2.84E+06,1888.52,67986.6,0.00640103,1.6529,550.028,0.626341,0.952206,8924.73,0.21714,0.0321989,0.000231025,0.0858023,0.664628,0.000567305,35047.35632,5577.96,-0.00829968,0.00829968
19, Design 19,1,550,0.06,0.0917026,-9.19462,8.91E-11,46395,6.97373,1.23E-05,0.00142406,2.89E+06,2.84E+06,1888.71,67993.7,0.00468852,1.68251,550.038,0.627335,0.952195,10504.1,0.216091,0.0329165,0.000197995,0.0886319,0.662162,0.00042995,49499.24801,7878.05,-0.0119528,0.0119528
20, Design 20,1,550,0.063,0.0923501,-9.64041,1.12E-10,46500.2,6.97399,1.23E-05,0.00142488,2.89E+06,2.84E+06,1888.78,67996,0.00428198,1.68857,550.043,0.627554,0.952193,10981.3,0.215871,0.0330686,0.000189723,0.0892275,0.661643,0.000395441,54335.7299,8647.8,-0.0131784,0.0131784
21, Design 21,1,550,0.07,0.0934545,-10.0558,2.61E-10,46756.7,6.9746,1.23E-05,0.00142657,2.89E+06,2.84E+06,1888.94,68001.7,0.00346886,1.69875,550.055,0.62795,0.952188,12104,0.215496,0.0333309,0.000172677,0.0902451,0.660756,0.00032418,66545.21559,10591,-0.0162711,0.0162711
22, Design 22,1,550,0.08,0.0942141,-8.54648,3.74E-11,47155.1,6.97557,1.23E-05,0.00142855,2.89E+06,2.84E+06,1889.19,68010.7,0.00255511,1.70559,550.095,0.628305,0.952183,13733.1,0.215238,0.0335195,0.000152776,0.0909507,0.660139,0.000240728,86287.61214,13733.1,-0.0212549,0.0212549
23, Design 23,1,600,0.008,0.0392374,-0.684337,-4.99E-11,48645.8,6.97916,1.23E-05,0.00138443,2.89E+06,2.84E+06,1891.14,68081.1,-0.0065511,0.8318,599.886,0.667286,0.952677,1689.65,0.234661,0.0211797,3.51E-05,0.0388261,0.705298,-0.000257048,1061.638405,168.965,-0.000212765,0.000212765
24, Design 24,1,600,0.01,0.0450998,-0.238947,2.23E-14,48772.6,6.97947,1.23E-05,0.00138929,2.89E+06,2.84E+06,1891.06,68078.1,-0.00503821,1.02181,600.002,0.669997,0.952593,2006.43,0.232319,0.0224813,4.25E-05,0.0454964,0.699661,-0.000227222,1575.848008,250.804,-0.000332431,0.000332431
25, Design 25,1,600,0.012,0.0499664,-0.360866,1.44E-13,48883.4,6.97974,1.23E-05,0.00139277,2.89E+06,2.84E+06,1891.07,68078.5,-0.00409102,1.12037,600.004,0.671587,0.952562,2312.5,0.23059,0.0236042,4.79E-05,0.0501033,0.695654,-0.000204413,2179.479903,346.875,-0.000478703,0.000478703
26, Design 26,1,600,0.02,0.0640036,-1.10413,8.50E-13,49233.9,6.98058,1.23E-05,0.001402,2.89E+06,2.84E+06,1890.89,68072.1,-0.00213353,1.35617,600.015,0.676101,0.952357,3467.28,0.22565,0.0268134,6.40E-05,0.0632638,0.684209,-0.000136554,5446.396971,866.821,-0.00132961,0.00132961
27, Design 27,1,600,0.03,0.0746458,-2.62902,-7.95E-13,49579.4,6.98142,1.23E-05,0.00140976,2.89E+06,2.84E+06,1890.93,68073.5,-0.00112273,1.49891,600.043,0.67961,0.952264,4825.09,0.221948,0.0292173,7.63E-05,0.0731256,0.675632,-8.38E-05,11368.85833,1809.41,-0.00299169,0.00299169
28, Design 28,1,600,0.04,0.0810911,-4.75507,5.81E-11,49875.1,6.98213,1.23E-05,0.00141543,2.89E+06,2.84E+06,1891.05,68077.8,-0.000637747,1.57398,600.087,0.681802,0.952226,6145.67,0.219724,0.030661,8.38E-05,0.0790528,0.670478,-5.17E-05,19307.16031,3072.83,-0.00531891,0.00531891
29, Design 29,1,600,0.05,0.084896,-7.16604,1.69E-11,50153.3,6.9828,1.23E-05,0.00141966,2.89E+06,2.84E+06,1891.19,68082.9,-0.00038544,1.61481,600.147,0.683162,0.952206,7464.54,0.218418,0.0315092,8.82E-05,0.082533,0.667452,-3.27E-05,29313.13291,4665.33,-0.00831144,0.00831144
30, Design 30,1,600,0.06,0.0868507,-9.21079,2.88E-11,50434.8,6.98348,1.23E-05,0.00142286,2.89E+06,2.84E+06,1891.35,68088.7,-0.000261774,1.6348,600.219,0.683939,0.952195,8804.7,0.217749,0.0319439,9.05E-05,0.0843136,0.665903,-2.27E-05,41491.20267,6603.53,-0.0119695,0.0119695
31, Design 31,1,600,0.063,0.0871543,-9.62588,1.27E-10,50522.4,6.98369,1.23E-05,0.00142368,2.89E+06,2.84E+06,1891.41,68090.6,-0.000242066,1.63783,600.243,0.684084,0.952193,9213.31,0.217645,0.0320114,9.08E-05,0.0845893,0.665663,-2.11E-05,45587.52533,7255.48,-0.0131968,0.0131968
32, Design 32,1,600,0.07,0.0874482,-9.94697,-1.58E-10,50735.6,6.98421,1.23E-05,0.00142536,2.89E+06,2.84E+06,1891.54,68095.3,-0.000220126,1.64068,600.304,0.684295,0.952188,10181.2,0.217546,0.0320767,9.13E-05,0.0848542,0.665432,-1.92E-05,55973.9448,8908.53,-0.0162935,0.0162935
33, Design 33,1,600,0.08,0.0870495,-8.5055,-2.19E-10,51068.3,6.98501,1.23E-05,0.00142734,2.89E+06,2.84E+06,1891.74,68102.8,-0.000233107,1.63649,600.419,0.68437,0.952183,11601.5,0.217683,0.0319883,9.10E-05,0.0844858,0.665752,-2.03E-05,72894.37434,11601.5,-0.0212837,0.0212837
34, Design 34,1,650,0.008,0.0403096,-1.01037,-2.19E-11,52854.4,6.98932,1.23E-05,0.00138686,2.90E+06,2.84E+06,1893.89,68180.2,-0.00235182,0.961695,649.82,0.725679,0.952677,1370.04,0.23382,0.0212826,7.49E-05,0.041822,0.703001,-9.48E-05,860.8215198,137.004,-0.000213075,0.000213075
35, Design 35,1,650,0.01,0.0428739,-0.249169,-1.45E-13,52944.6,6.98954,1.23E-05,0.00139078,2.90E+06,2.84E+06,1893.79,68176.3,-0.00174249,0.972641,650.007,0.726088,0.952593,1654.03,0.233115,0.0219269,7.97E-05,0.0433315,0.701547,-7.47E-05,1299.067412,206.753,-0.00033291,0.00033291
36, Design 36,1,650,0.012,0.0455205,-0.374905,-9.32E-13,53031.6,6.98975,1.23E-05,0.00139369,2.90E+06,2.84E+06,1893.78,68176.1,-0.00110588,1.03014,650.013,0.727028,0.952562,1917.31,0.232172,0.0225368,8.56E-05,0.045841,0.699365,-5.03E-05,1807.018962,287.596,-0.00047939,0.00047939
37, Design 37,1,650,0.02,0.0537034,-1.13275,4.29E-13,53315.5,6.99044,1.23E-05,0.00140178,2.90E+06,2.84E+06,1893.56,68168.1,0.000565681,1.18863,650.065,0.729886,0.952357,2921.16,0.229273,0.0244115,0.000104786,0.0535522,0.692659,3.04E-05,4588.553681,730.291,-0.00133148,0.00133148
38, Design 38,1,650,0.03,0.0598412,-2.6795,3.92E-13,53598.9,6.99112,1.23E-05,0.00140903,2.90E+06,2.84E+06,1893.56,68168.1,0.00160988,1.29168,650.195,0.732196,0.952264,4122,0.227113,0.0258066,0.00012042,0.0592961,0.687664,9.63E-05,9712.233689,1545.75,-0.00299585,0.00299585
39, Design 39,1,650,0.04,0.0631668,-4.83253,3.00E-12,53839.2,6.9917,1.23E-05,0.00141447,2.90E+06,2.84E+06,1893.64,68171.1,0.0021314,1.34278,650.397,0.73363,0.952226,5307.1,0.225948,0.0265584,0.00012947,0.0623944,0.68497,0.000134634,16672.74637,2653.55,-0.0053262,0.0053262
40, Design 40,1,650,0.05,0.0646687,-7.25831,2.43E-12,54064.7,6.99224,1.23E-05,0.00141859,2.90E+06,2.84E+06,1893.75,68175,0.00237095,1.36477,650.661,0.734499,0.952206,6502.17,0.225423,0.026897,0.000133884,0.0637878,0.683758,0.000153326,25533.92261,4063.85,-0.00832268,0.00832268
41, Design 41,1,650,0.06,0.0649222,-9.31027,1.16E-10,54295.8,6.9928,1.23E-05,0.00142175,2.90E+06,2.84E+06,1893.88,68179.6,0.00243606,1.36825,650.969,0.734985,0.952195,7722,0.225336,0.0269539,0.000135033,0.0640183,0.683557,0.000158154,36389.06771,5791.5,-0.0119855,0.0119855
42, Design 42,1,650,0.063,0.0648211,-9.73889,2.30E-11,54368.8,6.99298,1.23E-05,0.00142256,2.90E+06,2.84E+06,1893.92,68181.2,0.00243179,1.36672,651.069,0.735078,0.952193,8093.83,0.225372,0.0269311,0.000134914,0.0639228,0.68364,0.000157631,40048.332,6373.89,-0.0132143,0.0132143
43, Design 43,1,650,0.07,0.0643587,-10.2213,8.66E-11,54549.3,6.99341,1.23E-05,0.00142424,2.90E+06,2.84E+06,1894.03,68185.1,0.0023915,1.35986,651.313,0.735231,0.952188,8972.02,0.225534,0.0268267,0.000134048,0.0634894,0.684016,0.000153914,49326.27192,7850.52,-0.0163149,0.0163149
44, Design 44,1,650,0.08,0.0633525,-9.58079,1.01E-10,54837.8,6.99411,1.23E-05,0.00142621,2.90E+06,2.84E+06,1894.21,68191.5,0.00229007,1.34489,651.712,0.735394,0.952183,10247.1,0.225886,0.0265993,0.000131983,0.0625499,0.684832,0.000145082,64384.42816,10247.1,-0.0213114,0.0213114
45, Design 45,1,700,0.008,0.0651791,-0.232755,1.30E-12,57634.9,7.00086,1.23E-05,0.00138923,2.90E+06,2.84E+06,1897.02,68292.8,0.00964246,1.37836,699.985,0.791843,0.952677,933.811,0.225212,0.0268898,0.000248329,0.0642958,0.683354,0.000628487,586.7307555,93.3811,-0.000213426,0.000213426
46, Design 46,1,700,0.01,0.065182,-0.263733,-3.11E-13,57623.4,7.00083,1.23E-05,0.00139233,2.90E+06,2.84E+06,1896.85,68286.5,0.00962689,1.37379,699.999,0.791701,0.952593,1125.71,0.225236,0.0268973,0.000248153,0.0641895,0.683429,0.000627499,884.1321373,140.714,-0.000333448,0.000333448
47, Design 47,1,700,0.012,0.0651984,-0.391214,4.20E-13,57628.8,7.00085,1.23E-05,0.00139461,2.90E+06,2.84E+06,1896.79,68284.4,0.00962822,1.37379,699.999,0.79168,0.952562,1314.96,0.225231,0.0269013,0.000248214,0.0641992,0.68342,0.000627744,1239.320603,197.244,-0.000480151,0.000480151
48, Design 48,1,700,0.02,0.0652618,-1.16676,-1.40E-13,57679,7.00097,1.23E-05,0.00140161,2.90E+06,2.84E+06,1896.41,68270.8,0.00963472,1.3741,700,0.791539,0.952357,2063.82,0.225212,0.0269165,0.000248464,0.0642437,0.683379,0.000628779,3241.834592,515.954,-0.00133349,0.00133349
49, Design 49,1,700,0.03,0.0653339,-2.74229,7.42E-14,57789.6,7.00124,1.23E-05,0.00140835,2.90E+06,2.84E+06,1896.3,68266.8,0.00964401,1.37473,700.004,0.791519,0.952264,2990.61,0.225189,0.0269332,0.000248775,0.0643012,0.683328,0.00063008,7046.466658,1121.48,-0.00300018,0.00300018
50, Design 50,1,700,0.04,0.0654058,-4.98908,-1.57E-13,57924.8,7.00156,1.23E-05,0.00141358,2.90E+06,2.84E+06,1896.31,68267.2,0.00965609,1.37554,700.017,0.791564,0.952226,3911.82,0.225165,0.0269496,0.000249127,0.0643624,0.683274,0.000631564,12289.34497,1955.91,-0.00533371,0.00533371
51, Design 51,1,700,0.05,0.0654978,-7.79529,-3.98E-12,58085.2,7.00195,1.23E-05,0.0014176,2.90E+06,2.84E+06,1896.38,68269.6,0.00967513,1.37671,700.048,0.791662,0.952206,4828.55,0.225134,0.0269703,0.000249633,0.0644441,0.683202,0.0006337,18961.71078,3017.85,-0.00833423,0.00833423
52, Design 52,1,700,0.06,0.0656466,-10.7101,-1.33E-11,58275.3,7.00241,1.23E-05,0.00142071,2.90E+06,2.84E+06,1896.48,68273.3,0.00971101,1.37875,700.122,0.791845,0.952195,5738.96,0.225083,0.0270034,0.000250531,0.0645797,0.683084,0.000637495,27044.21186,4304.22,-0.012002,0.012002
53, Design 53,1,700,0.063,0.0657104,-11.5729,8.57E-11,58338.5,7.00256,1.23E-05,0.00142151,2.90E+06,2.84E+06,1896.52,68274.6,0.00972768,1.37964,700.16,0.791927,0.952193,6009.99,0.22506,0.0270176,0.000250937,0.0646384,0.683033,0.00063921,29737.43641,4732.86,-0.0132324,0.0132324
54, Design 54,1,700,0.07,0.0659097,-13.1185,-8.50E-11,58496.7,7.00294,1.23E-05,0.00142317,2.90E+06,2.84E+06,1896.61,68278,0.00978364,1.38247,700.295,0.792197,0.952188,6636.59,0.224991,0.0270617,0.000252269,0.0648222,0.682873,0.000644837,36486.58274,5807.02,-0.0163372,0.0163372
55, Design 55,1,700,0.08,0.0663529,-14.6141,-2.88E-10,58746.5,7.00354,1.23E-05,0.00142515,2.90E+06,2.84E+06,1896.76,68283.5,0.00992193,1.38874,700.664,0.792849,0.952183,7508.9,0.224836,0.0271594,0.000255471,0.0652315,0.682517,0.000658348,47179.81015,7508.9,-0.0213401,0.0213401
56, Design 56,1,750,0.008,0.103289,-0.171899,-2.95E-13,63051.3,7.01394,1.23E-05,0.00139167,2.91E+06,2.84E+06,1900.56,68420.3,0.0279274,1.78454,749.999,0.865512,0.952677,403.79,0.21216,0.0348945,0.000777862,0.0985532,0.653614,0.00288458,253.7087395,40.379,-0.000213825,0.000213825
57, Design 57,1,750,0.01,0.103289,-0.277498,-2.73E-13,63013.8,7.01385,1.23E-05,0.00139388,2.91E+06,2.84E+06,1900.37,68413.4,0.0279271,1.78451,749.999,0.865425,0.952593,474.142,0.21216,0.0348948,0.000777864,0.0985531,0.653614,0.00288457,372.3905701,59.2678,-0.000334068,0.000334068
58, Design 58,1,750,0.012,0.103293,-0.409428,4.04E-13,62994.9,7.0138,1.23E-05,0.00139557,2.91E+06,2.84E+06,1900.3,68410.7,0.0279262,1.78438,749.998,0.865389,0.952562,543.433,0.21216,0.034896,0.000777875,0.0985517,0.653614,0.00288458,512.1738503,81.515,-0.000481039,0.000481039
59, Design 59,1,750,0.02,0.103301,-1.20544,7.17E-13,62954.2,7.0137,1.23E-05,0.00140149,2.91E+06,2.84E+06,1899.86,68395,0.0279234,1.78405,749.995,0.865183,0.952357,815.455,0.21216,0.0348985,0.000777875,0.0985472,0.653617,0.0028845,1280.915289,203.864,-0.00133592,0.00133592
60, Design 60,1,750,0.03,0.103302,-2.80936,9.71E-13,62964.2,7.01373,1.23E-05,0.00140773,2.91E+06,2.84E+06,1899.68,68388.6,0.0279196,1.78381,749.989,0.86509,0.952264,1149.45,0.212161,0.0348995,0.000777805,0.098541,0.653621,0.00288415,2708.316761,431.042,-0.00300554,0.00300554
61, Design 61,1,750,0.04,0.103298,-5.07994,-2.48E-13,63001.2,7.01381,1.23E-05,0.00141274,2.91E+06,2.84E+06,1899.63,68386.7,0.027915,1.78364,749.98,0.865054,0.952226,1480.54,0.212163,0.034899,0.000777676,0.0985334,0.653627,0.00288356,4651.259871,740.271,-0.00534304,0.00534304
62, Design 62,1,750,0.05,0.103292,-7.87669,1.30E-12,63055.4,7.01395,1.23E-05,0.00141666,2.91E+06,2.84E+06,1899.63,68386.6,0.0279099,1.7835,749.969,0.865037,0.952206,1810.45,0.212166,0.034898,0.000777515,0.0985253,0.653633,0.00288286,7109.612671,1131.53,-0.00834851,0.00834851
63, Design 63,1,750,0.06,0.103292,-10.9122,3.87E-11,63124.1,7.01411,1.23E-05,0.00141973,2.91E+06,2.84E+06,1899.65,68387.4,0.0279081,1.78346,749.965,0.865043,0.952195,2139.44,0.212166,0.0348982,0.000777477,0.0985246,0.653634,0.00288269,10081.87348,1604.58,-0.012022,0.012022
64, Design 64,1,750,0.063,0.103298,-11.8853,4.28E-11,63147.3,7.01417,1.23E-05,0.00142052,2.91E+06,2.84E+06,1899.66,68387.7,0.0279099,1.7835,749.968,0.865055,0.952193,2237.59,0.212164,0.0348994,0.000777557,0.0985291,0.65363,0.00288303,11071.60083,1762.1,-0.0132544,0.0132544
65, Design 65,1,750,0.07,0.10333,-14.1171,1.45E-11,63205.5,7.01431,1.23E-05,0.00142217,2.91E+06,2.84E+06,1899.69,68388.8,0.0279231,1.78374,749.995,0.865112,0.952188,2464.62,0.212154,0.034906,0.000778083,0.0985571,0.653605,0.0028853,13550.00327,2156.55,-0.0163637,0.0163637
66, Design 66,1,750,0.08,0.103449,-17.6545,-5.15E-11,63297.2,7.01453,1.23E-05,0.00142414,2.91E+06,2.84E+06,1899.74,68390.6,0.0279771,1.78467,750.106,0.865314,0.952183,2779.5,0.212114,0.0349302,0.000780152,0.0986616,0.653515,0.00289422,17464.11356,2779.5,-0.0213736,0.0213736
67, Design 67,1,800,0.008,0.152791,-0.182659,5.47E-13,69016.8,7.02833,1.23E-05,0.00139414,2.91E+06,2.84E+06,1904.47,68560.8,0.0576491,2.08476,799.999,0.94677,0.952677,-206.627,0.195862,0.044171,0.00212981,0.140697,0.617141,0.00880829,-129.827573,-20.6627,-0.000214264,0.000214264
68, Design 68,1,800,0.01,0.152793,-0.292678,1.38E-13,68966,7.02821,1.23E-05,0.00139542,2.91E+06,2.84E+06,1904.26,68553.5,0.0576481,2.08469,799.998,0.946669,0.952593,-276.497,0.195862,0.0441716,0.00212981,0.140696,0.617141,0.00880822,-217.1607072,-34.5622,-0.000334752,0.000334752
69, Design 69,1,800,0.012,0.152795,-0.429445,1.92E-13,68934.2,7.02814,1.23E-05,0.00139658,2.91E+06,2.84E+06,1904.18,68550.5,0.0576468,2.08461,799.997,0.946625,0.952562,-347.072,0.195862,0.0441724,0.0021298,0.140694,0.617142,0.00880815,-327.108282,-52.0609,-0.000482023,0.000482023
70, Design 70,1,800,0.02,0.152797,-1.24772,7.11E-13,68834.5,7.02789,1.23E-05,0.0014014,2.91E+06,2.84E+06,1903.71,68533.4,0.0576412,2.08438,799.991,0.946377,0.952357,-631.87,0.195863,0.0441736,0.00212966,0.140687,0.617147,0.00880738,-992.5422166,-157.968,-0.00133862,0.00133862
71, Design 71,1,800,0.03,0.15279,-2.8851,2.78E-13,68752.3,7.0277,1.23E-05,0.00140714,2.91E+06,2.84E+06,1903.47,68524.8,0.057632,2.0842,799.981,0.94624,0.952264,-991.622,0.195866,0.044173,0.00212927,0.140676,0.617155,0.00880557,-2336.452722,-371.858,-0.00301152,0.00301152
72, Design 72,1,800,0.04,0.152776,-5.2128,-3.27E-13,68671,7.0275,1.23E-05,0.00141195,2.91E+06,2.84E+06,1903.34,68520.1,0.0576201,2.08405,799.965,0.946151,0.952226,-1352.69,0.195872,0.0441709,0.0021287,0.140662,0.617167,0.00880295,-4249.613533,-676.347,-0.00535347,0.00535347
73, Design 73,1,800,0.05,0.152753,-8.34037,1.65E-11,68578.1,7.02728,1.23E-05,0.00141577,2.91E+06,2.84E+06,1903.24,68516.5,0.057603,2.08388,799.943,0.946065,0.952206,-1714.09,0.195879,0.0441672,0.00212782,0.14064,0.617185,0.00879901,-6731.17642,-1071.3,-0.00836437,0.00836437
74, Design 74,1,800,0.06,0.152692,-12.8593,-1.80E-09,68470.2,7.02702,1.23E-05,0.00141879,2.91E+06,2.84E+06,1903.14,68513.2,0.0575625,2.08354,799.89,0.94593,0.952195,-2073.51,0.195899,0.0441569,0.00212565,0.140588,0.61723,0.00878935,-9771.232799,-1555.14,-0.0120441,0.0120441
75, Design 75,1,800,0.063,0.152651,-15.4207,1.52E-10,68434.7,7.02693,1.23E-05,0.00141957,2.91E+06,2.84E+06,1903.12,68512.2,0.0575349,2.0833,799.855,0.945854,0.952193,-2180.43,0.195913,0.0441499,0.00212419,0.140553,0.61726,0.00878279,-10788.79466,-1717.09,-0.0132785,0.0132785
76, Design 76,1,800,0.07,0.152518,-19.715,-4.95E-10,68347.6,7.02672,1.23E-05,0.00142121,2.91E+06,2.84E+06,1903.05,68509.8,0.0574485,2.08265,799.741,0.945629,0.952188,-2422.89,0.195956,0.0441267,0.00211949,0.140441,0.617356,0.00876191,-13320.54135,-2120.03,-0.0163926,0.0163926
77, Design 77,1,800,0.08,0.152144,-29.5142,-9.79E-10,68214.3,7.0264,1.23E-05,0.00142318,2.91E+06,2.84E+06,1902.95,68506.3,0.0572052,2.08084,799.418,0.945034,0.952183,-2748.59,0.196077,0.0440616,0.00210635,0.14013,0.617625,0.00870342,-17269.9003,-2748.59,-0.0214098,0.0214098
78, Design 78,1,850,0.008,0.21494,-0.194312,2.78E-13,75649.8,7.04435,1.23E-05,0.00139661,2.92E+06,2.84E+06,1908.8,68716.9,0.104669,2.30139,849.998,1.0372,0.952677,-909.335,0.176425,0.0538274,0.00514709,0.189551,0.57505,0.0224974,-571.3520311,-90.9335,-0.000214752,0.000214752
79, Design 79,1,850,0.01,0.214944,-0.30907,3.06E-13,75585.3,7.04419,1.23E-05,0.00139697,2.92E+06,2.84E+06,1908.59,68709.3,0.104666,2.30126,849.997,1.03708,0.952593,-1142.6,0.176425,0.0538288,0.0051471,0.189548,0.575051,0.0224972,-897.3959415,-142.825,-0.000335513,0.000335513
80, Design 80,1,850,0.012,0.214944,-0.451061,2.35E-13,75539.9,7.04408,1.23E-05,0.00139762,2.92E+06,2.84E+06,1908.5,68706.1,0.104664,2.30121,849.995,1.03703,0.952562,-1376.1,0.176426,0.0538292,0.00514703,0.189546,0.575052,0.0224968,-1296.943695,-206.415,-0.000483116,0.000483116
81, Design 81,1,850,0.02,0.214937,-1.29304,5.79E-13,75371.6,7.04367,1.23E-05,0.00140135,2.92E+06,2.84E+06,1907.98,68687.3,0.104652,2.30106,849.987,1.03673,0.952357,-2310.57,0.176429,0.0538291,0.00514639,0.189535,0.57506,0.0224936,-3629.431727,-577.642,-0.00134163,0.00134163
82, Design 82,1,850,0.03,0.214917,-2.96711,9.37E-14,75171.2,7.04319,1.23E-05,0.0014066,2.92E+06,2.84E+06,1907.66,68675.9,0.104631,2.30092,849.969,1.03652,0.952264,-3479.26,0.176436,0.0538269,0.00514498,0.189516,0.575076,0.0224869,-8197.797534,-1304.72,-0.00301816,0.00301816
83, Design 83,1,850,0.04,0.214886,-5.37375,-1.89E-12,74930.8,7.04261,1.23E-05,0.0014112,2.92E+06,2.84E+06,1907.43,68667.4,0.104602,2.30078,849.944,1.03635,0.952226,-4647.42,0.176446,0.053823,0.00514294,0.189491,0.575098,0.0224775,-14600.30053,-2323.71,-0.00536498,0.00536498
84, Design 84,1,850,0.05,0.214824,-9.14284,-1.77E-11,74636.7,7.0419,1.23E-05,0.00141492,2.92E+06,2.84E+06,1907.2,68659.1,0.104548,2.30054,849.899,1.03614,0.952206,-5814.01,0.176465,0.053815,0.00513908,0.189441,0.575139,0.0224595,-22831.58744,-3633.76,-0.00838178,0.00838178
85, Design 85,1,850,0.06,0.214586,-16.2473,-4.42E-10,74286.8,7.04106,1.23E-05,0.00141788,2.92E+06,2.84E+06,1906.95,68650.1,0.104351,2.29978,849.729,1.03568,0.952195,-6968.8,0.176539,0.0537829,0.00512455,0.189257,0.575297,0.0223922,-32839.69633,-5226.6,-0.0120682,0.0120682
86, Design 86,1,850,0.063,0.214433,-19.2782,2.24E-10,74171.9,7.04078,1.23E-05,0.00141865,2.92E+06,2.84E+06,1906.87,68647.2,0.104226,2.29932,849.621,1.03543,0.952193,-7308.33,0.176586,0.0537621,0.00511531,0.18914,0.575397,0.0223495,-36161.67923,-5755.31,-0.0133046,0.0133046
87, Design 87,1,850,0.07,0.213851,-28.4406,6.23E-09,73889.3,7.0401,1.23E-05,0.00142028,2.92E+06,2.84E+06,1906.67,68640.2,0.103751,2.29764,849.207,1.03455,0.952188,-8077.65,0.176764,0.0536821,0.00508021,0.188697,0.575777,0.0221872,-44409.23959,-7067.95,-0.0164238,0.0164239
88, Design 88,1,850,0.08,0.21234,-48.3544,4.71E-10,73461.8,7.03906,1.23E-05,0.00142223,2.92E+06,2.84E+06,1906.38,68629.8,0.102529,2.29334,848.125,1.03236,0.952183,-9095.05,0.177226,0.0534732,0.00499008,0.187549,0.576762,0.021771,-57145.88453,-9095.05,-0.0214484,0.0214484
89, Design 89,1,900,0.008,0.291161,-0.207646,4.59E-12,83098.1,7.06232,1.23E-05,0.00139895,2.93E+06,2.84E+06,1913.68,68892.3,0.173351,2.45883,899.997,1.13875,0.952677,-1721.55,0.154018,0.0625257,0.0110556,0.24345,0.528951,0.050473,-1081.681767,-172.155,-0.0002153,0.0002153
90, Design 90,1,900,0.01,0.291181,-0.326871,4.28E-13,83016.7,7.06213,1.23E-05,0.00139855,2.93E+06,2.84E+06,1913.45,68884.3,0.173341,2.45839,899.995,1.13859,0.952593,-2145.46,0.154017,0.062532,0.0110562,0.243441,0.528954,0.0504737,-1685.043485,-268.183,-0.000336368,0.000336368
91, Design 91,1,900,0.012,0.291178,-0.474444,5.47E-13,82954.1,7.06198,1.23E-05,0.00139866,2.93E+06,2.84E+06,1913.35,68880.6,0.173338,2.45836,899.993,1.13852,0.952562,-2569.27,0.154018,0.0625321,0.0110559,0.243438,0.528956,0.0504722,-2421.476786,-385.39,-0.000484343,0.000484343
92, Design 92,1,900,0.02,0.291159,-1.34193,4.18E-13,82696.1,7.06135,1.23E-05,0.0014013,2.93E+06,2.84E+06,1912.77,68859.7,0.173315,2.45827,899.98,1.13815,0.952357,-4262.29,0.154024,0.0625309,0.0110539,0.243422,0.528969,0.0504624,-6695.173768,-1065.57,-0.00134499,0.00134499
93, Design 93,1,900,0.03,0.291117,-3.05324,-1.36E-12,82335,7.06048,1.23E-05,0.00140605,2.93E+06,2.84E+06,1912.35,68844.5,0.173271,2.45815,899.953,1.13785,0.952264,-6375.76,0.154036,0.0625275,0.0110498,0.243392,0.528995,0.0504422,-15022.53058,-2390.91,-0.00302557,0.00302557
94, Design 94,1,900,0.04,0.291055,-5.51735,2.71E-11,81875.5,7.05937,1.23E-05,0.00141046,2.92E+06,2.84E+06,1911.97,68830.9,0.173209,2.45801,899.914,1.13754,0.952226,-8486.05,0.154054,0.0625223,0.0110439,0.243349,0.529031,0.0504133,-26659.68092,-4243.02,-0.00537775,0.00537775
95, Design 95,1,900,0.05,0.290897,-9.48375,1.59E-10,81303.6,7.05799,1.23E-05,0.00141408,2.92E+06,2.84E+06,1911.56,68816,0.173054,2.45769,899.819,1.1371,0.952206,-10588.8,0.1541,0.0625083,0.0110289,0.24324,0.529123,0.0503408,-41582.24603,-6618.02,-0.00840093,0.00840093
96, Design 96,1,900,0.06,0.29019,-17.3341,-1.61E-10,80623.5,7.05635,1.23E-05,0.001417,2.92E+06,2.84E+06,1911.09,68799.2,0.172384,2.45641,899.403,1.13594,0.952195,-12650.5,0.154302,0.0624434,0.0109636,0.242761,0.529529,0.0500242,-59613.91972,-9487.85,-0.0120944,0.0120944
97, Design 97,1,900,0.063,0.289757,-20.6494,-7.80E-11,80401.9,7.05582,1.23E-05,0.00141776,2.92E+06,2.84E+06,1910.94,68793.8,0.171978,2.45566,899.149,1.13531,0.952193,-13249.3,0.154426,0.0624032,0.0109239,0.24247,0.529777,0.0498318,-65557.49886,-10433.8,-0.0133331,0.0133331
98, Design 98,1,900,0.07,0.288205,-30.719,2.17E-09,79861.9,7.05451,1.23E-05,0.00141937,2.92E+06,2.84E+06,1910.58,68780.8,0.170527,2.45301,898.231,1.13316,0.952188,-14589.8,0.154869,0.0622574,0.0107823,0.241425,0.530666,0.0491468,-80211.77195,-12766.1,-0.0164575,0.0164575
99, Design 99,1,900,0.08,0.284555,-51.9075,-2.21E-09,79060,7.05258,1.23E-05,0.00142132,2.92E+06,2.84E+06,1910.04,68761.6,0.167156,2.44677,896.049,1.12828,0.952183,-16323.3,0.155913,0.0619069,0.010455,0.23896,0.532765,0.0475652,-102562.3187,-16323.3,-0.0214895,0.0214895
100, Design 100,1,950,0.008,0.382807,-0.22296,-1.96E-12,91522.5,7.08266,1.23E-05,0.00140131,2.93E+06,2.84E+06,1919.19,69090.7,0.263833,2.5748,949.995,1.25354,0.952677,-2661.27,0.128962,0.068718,0.0211888,0.30021,0.480922,0.100997,-1672.125256,-266.127,-0.00021592,0.00021592
101, Design 101,1,950,0.01,0.382871,-0.346181,9.48E-14,91419.1,7.08241,1.23E-05,0.00140011,2.93E+06,2.84E+06,1918.95,69082.1,0.263804,2.57365,949.993,1.25331,0.952593,-3307.59,0.128957,0.0687372,0.0211922,0.300184,0.48093,0.101003,-2597.776682,-413.449,-0.000337333,0.000337333
102, Design 102,1,950,0.012,0.382866,-0.499782,2.50E-13,91333.9,7.0822,1.23E-05,0.00139967,2.93E+06,2.84E+06,1918.83,69077.9,0.263797,2.57363,949.99,1.25322,0.952562,-3953.57,0.128958,0.068737,0.0211915,0.30018,0.480933,0.100999,-3726.148799,-593.035,-0.000485731,0.000485731
103, Design 103,1,950,0.02,0.382828,-1.39468,4.30E-13,90954.8,7.08129,1.23E-05,0.00140127,2.93E+06,2.84E+06,1918.17,69054.1,0.263758,2.57358,949.97,1.25275,0.952357,-6532.4,0.128968,0.0687355,0.0211867,0.300158,0.480952,0.100974,-10261.06993,-1633.1,-0.00134879,0.00134879
104, Design 104,1,950,0.03,0.382751,-3.14706,1.22E-12,90372.9,7.07988,1.23E-05,0.00140556,2.93E+06,2.84E+06,1917.6,69033.6,0.263678,2.57348,949.931,1.25229,0.952264,-9748.94,0.128989,0.0687325,0.0211767,0.300112,0.48099,0.100923,-22970.38301,-3655.85,-0.00303389,0.00303389
105, Design 105,1,950,0.04,0.382637,-5.62259,-4.11E-12,89610.7,7.07804,1.23E-05,0.00140976,2.93E+06,2.84E+06,1917.03,69012.9,0.263558,2.57334,949.871,1.25178,0.952226,-12958,0.129019,0.0687279,0.0211618,0.300045,0.481047,0.100847,-40708.82044,-6479.01,-0.00539197,0.00539197
106, Design 106,1,950,0.05,0.382229,-9.067,-2.42E-10,88656.3,7.07574,1.23E-05,0.00141329,2.93E+06,2.84E+06,1916.36,68989.1,0.263149,2.57289,949.669,1.25086,0.952206,-16143.9,0.129127,0.0687098,0.0211104,0.299807,0.481246,0.100583,-63397.33975,-10090,-0.00842206,0.00842206
107, Design 107,1,950,0.06,0.380459,-14.311,-2.06E-08,87531.5,7.07302,1.23E-05,0.00141616,2.93E+06,2.84E+06,1915.6,68961.8,0.2614,2.57104,948.792,1.24829,0.952195,-19221.8,0.129593,0.0686276,0.0208896,0.29878,0.48211,0.0994521,-90580.28434,-14416.3,-0.012123,0.012123
108, Design 108,1,950,0.063,0.379458,-16.5223,1.23E-09,87169.3,7.07215,1.23E-05,0.00141691,2.93E+06,2.84E+06,1915.36,68953.1,0.260417,2.57001,948.295,1.24695,0.952193,-20101.6,0.129857,0.06858,0.0207656,0.298199,0.482598,0.0988175,-99462.82341,-15830,-0.0133639,0.0133639
109, Design 109,1,950,0.07,0.376102,-23.5739,-1.14E-09,86297.3,7.07005,1.23E-05,0.00141851,2.93E+06,2.84E+06,1914.78,68932.2,0.257132,2.5665,946.613,1.2426,0.952188,-22043.4,0.130744,0.0684158,0.0203529,0.29624,0.484247,0.0967079,-121190.0782,-19288,-0.0164937,0.0164937
110, Design 110,1,950,0.08,0.368929,-37.7838,1.29E-09,85029.3,7.06698,1.23E-05,0.00142045,2.93E+06,2.84E+06,1913.95,68902,0.250205,2.55886,942.972,1.23353,0.952183,-24495.4,0.132648,0.0680404,0.0194897,0.292018,0.487804,0.0923081,-153909.1374,-24495.4,-0.0215334,0.0215334
111, Design 111,1,1000,0.008,0.489858,-0.24061,-1.17E-11,101046,7.10564,1.23E-05,0.00140364,2.94E+06,2.84E+06,1925.41,69314.9,0.369707,2.66069,999.993,1.38317,0.952677,-3737.44,0.102018,0.0711542,0.0362985,0.357053,0.433476,0.181104,-2348.302809,-373.744,-0.000216621,0.000216621
112, Design 112,1,1000,0.01,0.490001,-0.366773,-5.93E-16,100913,7.10532,1.23E-05,0.0014017,2.94E+06,2.84E+06,1925.16,69305.7,0.36964,2.65851,999.99,1.38278,0.952593,-4640.04,0.102005,0.0711935,0.0363103,0.356994,0.433498,0.181124,-3644.278894,-580.005,-0.000338425,0.000338425
113, Design 113,1,1000,0.012,0.489991,-0.526893,2.52E-13,100798,7.10505,1.23E-05,0.00140068,2.94E+06,2.84E+06,1925.02,69300.7,0.369631,2.65851,999.985,1.38267,0.952562,-5542.26,0.102007,0.0711934,0.0363088,0.356989,0.433502,0.181116,-5223.45699,-831.339,-0.000487298,0.000487298
114, Design 114,1,1000,0.02,0.489929,-1.4514,1.29E-13,100258,7.10374,1.23E-05,0.00140125,2.94E+06,2.84E+06,1924.25,69273.1,0.369572,2.65849,999.959,1.38205,0.952357,-9142.75,0.102022,0.0711929,0.0362993,0.356959,0.433527,0.181064,-14361.41382,-2285.69,-0.00135307,0.00135307
115, Design 115,1,1000,0.03,0.489804,-3.24665,-2.82E-13,99379,7.10162,1.23E-05,0.0014051,2.94E+06,2.84E+06,1923.49,69245.6,0.369449,2.6584,999.903,1.38137,0.952264,-13631,0.102052,0.0711928,0.0362798,0.356898,0.433578,0.180958,-32117.38134,-5111.64,-0.0030432,0.0030432
116, Design 116,1,1000,0.04,0.489599,-5.71538,-3.44E-13,98208.4,7.0988,1.23E-05,0.0014091,2.94E+06,2.84E+06,1922.65,69215.3,0.369244,2.65824,999.812,1.38052,0.952226,-18105,0.102102,0.071193,0.0362476,0.356796,0.433662,0.180781,-56878.53499,-9052.5,-0.00540778,0.00540778
117, Design 117,1,1000,0.05,0.488642,-8.39051,1.07E-11,96741.9,7.09526,1.23E-05,0.00141253,2.94E+06,2.84E+06,1921.65,69179.4,0.368328,2.65761,999.398,1.37871,0.952206,-22522.2,0.102332,0.0711893,0.0361013,0.356326,0.434051,0.17998,-88444.62966,-14076.4,-0.00844529,0.00844529
118, Design 118,1,1000,0.06,0.484884,-10.581,-3.60E-10,95036.7,7.09114,1.23E-05,0.00141535,2.94E+06,2.84E+06,1920.51,69138.4,0.364761,2.65518,997.769,1.37358,0.952195,-26711.9,0.10324,0.0711676,0.0355316,0.354473,0.435588,0.176867,-125877.3344,-20034,-0.012154,0.012154
119, Design 119,1,1000,0.063,0.482923,-11.2273,-3.33E-11,94495.2,7.08983,1.23E-05,0.00141609,2.94E+06,2.84E+06,1920.15,69125.5,0.362904,2.65389,996.914,1.37106,0.952193,-27888.8,0.103715,0.0711536,0.0352363,0.353501,0.436395,0.175255,-137994.4573,-21962.5,-0.0133973,0.0133973
120, Design 120,1,1000,0.07,0.476746,-12.5655,2.09E-09,93208.2,7.08673,1.23E-05,0.00141768,2.94E+06,2.84E+06,1919.3,69094.9,0.357081,2.64978,994.203,1.36333,0.952188,-30447.7,0.105215,0.0710975,0.0343149,0.350417,0.438956,0.170237,-167394.738,-26641.7,-0.0165326,0.0165326
121, Design 121,1,1000,0.08,0.464493,-17.8276,4.63E-10,91374.8,7.0823,1.23E-05,0.00141961,2.93E+06,2.84E+06,1918.09,69051.4,0.345645,2.6413,988.752,1.34829,0.952183,-33604.5,0.108212,0.070932,0.0325275,0.3442,0.444128,0.16055,-211143.3007,-33604.5,-0.0215801,0.0215801
122, Design 122,1,1050,0.008,0.608373,-0.260372,7.76E-12,111629,7.13119,1.23E-05,0.00140594,2.95E+06,2.84E+06,1932.34,69564.1,0.478707,2.7233,1049.99,1.52685,0.952677,-4929.04,0.0747628,0.0695244,0.0556741,0.410477,0.389561,0.291232,-3097.007171,-492.904,-0.0002174,0.0002174
123, Design 123,1,1050,0.01,0.608603,-0.389184,2.29E-14,111459,7.13078,1.23E-05,0.00140326,2.95E+06,2.84E+06,1932.05,69553.9,0.478589,2.72015,1049.99,1.52623,0.952593,-6116.27,0.074738,0.0695833,0.0556998,0.410372,0.389607,0.291271,-4803.702512,-764.533,-0.000339637,0.000339637
124, Design 124,1,1050,0.012,0.608589,-0.556142,4.32E-13,111307,7.13041,1.23E-05,0.00140171,2.95E+06,2.84E+06,1931.89,69548.1,0.478577,2.72015,1049.98,1.52609,0.952562,-7303.46,0.0747411,0.0695835,0.0556974,0.410367,0.389611,0.291257,-6883.355168,-1095.52,-0.000489037,0.000489037
125, Design 125,1,1050,0.02,0.608502,-1.51399,3.54E-13,110566,7.12862,1.23E-05,0.00140124,2.95E+06,2.84E+06,1930.99,69515.7,0.478505,2.72015,1049.95,1.52529,0.952357,-12040.1,0.0747599,0.0695852,0.0556826,0.410333,0.38964,0.291171,-18912.51344,-3010.02,-0.00135781,0.00135781
126, Design 126,1,1050,0.03,0.608329,-3.35351,9.32E-13,109312,7.1256,1.23E-05,0.00140465,2.95E+06,2.84E+06,1929.98,69479.4,0.478351,2.72008,1049.87,1.52429,0.952264,-17942.2,0.0747979,0.0695904,0.0556525,0.410261,0.389698,0.290994,-42275.3442,-6728.33,-0.00305348,0.00305348
127, Design 127,1,1050,0.04,0.608004,-5.8591,-2.86E-12,107627,7.12153,1.23E-05,0.00140847,2.95E+06,2.84E+06,1928.8,69436.9,0.478058,2.71991,1049.74,1.52298,0.952226,-23820.1,0.0748696,0.0696008,0.0555959,0.410125,0.389809,0.290661,-74832.73701,-11910,-0.0054251,0.0054251
128, Design 128,1,1050,0.05,0.606213,-8.40822,-4.83E-11,105521,7.11645,1.23E-05,0.0014118,2.95E+06,2.84E+06,1927.39,69385.9,0.476506,2.71911,1049.02,1.51978,0.952206,-29589.5,0.0752633,0.06965,0.0552907,0.409378,0.390418,0.288864,-116198.0875,-18493.5,-0.00847051,0.00847051
129, Design 129,1,1050,0.06,0.599703,-9.5352,3.28E-10,103103,7.11061,1.23E-05,0.00141457,2.95E+06,2.84E+06,1925.78,69328.2,0.470898,2.71628,1046.37,1.51091,0.952195,-34967.1,0.0766985,0.0698152,0.0541899,0.406648,0.392649,0.282399,-164778.4196,-26225.3,-0.0121874,0.0121874
130, Design 130,1,1050,0.063,0.596479,-9.25512,6.33E-11,102344,7.10878,1.23E-05,0.00141531,2.95E+06,2.84E+06,1925.28,69310.2,0.468126,2.71486,1045.06,1.50676,0.952193,-36453,0.0774119,0.0698915,0.0536483,0.405285,0.393763,0.279227,-180370.144,-28706.8,-0.0134331,0.0134331
131, Design 131,1,1050,0.07,0.586695,-7.60957,5.49E-12,100562,7.10448,1.23E-05,0.00141687,2.94E+06,2.84E+06,1924.11,69267.9,0.459725,2.71047,1041.07,1.49444,0.952188,-39641.3,0.0795876,0.0701018,0.0520193,0.401108,0.397183,0.269718,-217939.1939,-34686.1,-0.016574,0.016574
132, Design 132,1,1050,0.08,0.568244,-4.05861,4.02E-10,98067,7.09845,1.23E-05,0.00141879,2.94E+06,2.84E+06,1922.47,69208.9,0.443961,2.70179,1033.51,1.47174,0.952183,-43490.3,0.0837355,0.0704077,0.0490091,0.393047,0.4038,0.252278,-273257.614,-43490.3,-0.0216293,0.0216293
133, Design 133,1,1100,0.008,0.728006,-0.298818,-1.83E-11,122899,7.15839,1.23E-05,0.00140821,2.97E+06,2.84E+06,1939.71,69829.5,0.577198,2.76546,1099.98,1.67891,0.952677,-6162.72,0.0496587,0.0647898,0.076797,0.456342,0.352413,0.420203,-3872.151176,-616.272,-0.000218229,0.000218229
134, Design 134,1,1100,0.01,0.728191,-0.415349,2.13E-13,122690,7.15789,1.23E-05,0.0014048,2.97E+06,2.84E+06,1939.4,69818.4,0.577093,2.76325,1099.98,1.67828,0.952593,-7645.14,0.049636,0.0648316,0.0768186,0.456246,0.352468,0.420234,-6004.482057,-955.643,-0.000340929,0.000340929
135, Design 135,1,1100,0.012,0.728177,-0.587702,-9.87E-13,122498,7.15742,1.23E-05,0.00140272,2.97E+06,2.84E+06,1939.21,69811.6,0.577081,2.76322,1099.98,1.67809,0.952562,-9127.81,0.0496388,0.0648327,0.0768162,0.45624,0.352472,0.420217,-8602.748827,-1369.17,-0.00049089,0.00049089
136, Design 136,1,1100,0.02,0.728082,-1.58048,-2.99E-13,121535,7.1551,1.23E-05,0.00140126,2.96E+06,2.84E+06,1938.16,69773.9,0.577012,2.76325,1099.94,1.67708,0.952357,-15042.6,0.0496575,0.0648363,0.076799,0.45621,0.352497,0.420112,-23628.92366,-3760.66,-0.00136285,0.00136285
137, Design 137,1,1100,0.03,0.727893,-3.46933,1.56E-13,119870,7.15108,1.23E-05,0.00140422,2.96E+06,2.84E+06,1936.89,69727.9,0.576862,2.7632,1099.86,1.67575,0.952264,-22410.8,0.0496954,0.0648459,0.0767643,0.456143,0.352551,0.419894,-52804.26631,-8404.06,-0.0030644,0.0030644
138, Design 138,1,1100,0.04,0.727519,-6.02794,1.34E-12,117619,7.14565,1.23E-05,0.00140786,2.96E+06,2.84E+06,1935.34,69672.1,0.57656,2.76305,1099.69,1.67394,0.952226,-29745.3,0.0497707,0.0648663,0.0766956,0.456009,0.352659,0.419459,-93447.3018,-14872.6,-0.00544347,0.00544347
139, Design 139,1,1100,0.05,0.725193,-8.70356,-3.94E-12,114803,7.13885,1.23E-05,0.0014111,2.96E+06,2.84E+06,1933.46,69604.4,0.574752,2.76229,1098.71,1.66939,0.952206,-36928.8,0.0502387,0.0649814,0.0762764,0.455176,0.353327,0.416806,-145019.0585,-23080.5,-0.00849718,0.00849718
140, Design 140,1,1100,0.06,0.716454,-10.1878,2.38E-10,111589,7.13109,1.23E-05,0.00141382,2.95E+06,2.84E+06,1931.33,69527.9,0.56801,2.75953,1095.01,1.65662,0.952195,-43562.4,0.0520025,0.0653944,0.0747142,0.452029,0.35586,0.406954,-205282.9737,-32671.8,-0.0122225,0.0122225
141, Design 141,1,1100,0.063,0.712109,-10.0435,1.02E-10,110588,7.12868,1.23E-05,0.00141454,2.95E+06,2.84E+06,1930.67,69504.2,0.564662,2.75816,1093.19,1.65066,0.952193,-45374.9,0.0528839,0.065592,0.073942,0.450449,0.357133,0.402101,-224515.8039,-35732.8,-0.0134707,0.0134707
142, Design 142,1,1100,0.07,0.698956,-8.58342,4.14E-10,108249,7.12303,1.23E-05,0.00141609,2.95E+06,2.84E+06,1929.13,69448.8,0.554536,2.75389,1087.73,1.63314,0.952188,-49222.6,0.0555685,0.0661601,0.0716236,0.445602,0.361046,0.387596,-270615.5345,-43069.8,-0.0166173,0.0166173
143, Design 143,1,1100,0.08,0.674402,-3.3217,-2.89E-10,105017,7.11523,1.23E-05,0.001418,2.95E+06,2.84E+06,1927.01,69372.4,0.535675,2.74554,1077.71,1.6016,0.952183,-53780.8,0.0606504,0.0670972,0.0673728,0.43629,0.36859,0.361261,-337914.7324,-53780.8,-0.0216804,0.0216804
144, Design 144,1,1150,0.008,0.832536,-0.268253,-1.12E-10,134124,7.18549,1.23E-05,0.00141056,2.98E+06,2.84E+06,1947.05,70093.8,0.65621,2.79528,1149.99,1.82961,0.952677,-7320.85,0.0294424,0.0585946,0.0961258,0.491082,0.324755,0.546319,-4599.825716,-732.085,-0.000219055,0.000219055
145, Design 145,1,1150,0.01,0.832785,-0.447565,-4.43E-12,133871,7.18488,1.23E-05,0.00140638,2.98E+06,2.84E+06,1946.71,70081.6,0.656001,2.79148,1149.98,1.82848,0.952593,-9078.08,0.0294117,0.0586662,0.0961667,0.490879,0.324876,0.546308,-7129.907359,-1134.76,-0.000342214,0.000342214
146, Design 146,1,1150,0.012,0.832785,-0.621834,-4.78E-13,133643,7.18433,1.23E-05,0.00140374,2.98E+06,2.84E+06,1946.5,70074,0.655986,2.79129,1149.98,1.82823,0.952562,-10836.9,0.0294124,0.0586702,0.0961675,0.490868,0.324882,0.546296,-10213.56904,-1625.54,-0.000492735,0.000492735
147, Design 147,1,1150,0.02,0.832712,-1.65176,-1.07E-12,132483,7.18153,1.23E-05,0.00140128,2.98E+06,2.84E+06,1945.32,70031.6,0.655938,2.79134,1149.94,1.82704,0.952357,-17853.7,0.0294258,0.0586738,0.0961534,0.490849,0.324898,0.546207,-28044.62063,-4463.44,-0.00136788,0.00136788
148, Design 148,1,1150,0.03,0.832566,-3.59187,4.29E-13,130450,7.17662,1.23E-05,0.00140381,2.97E+06,2.84E+06,1943.8,69976.9,0.65583,2.79133,1149.86,1.82541,0.952264,-26593.7,0.0294529,0.0586836,0.0961253,0.490806,0.324932,0.546021,-62659.94512,-9972.64,-0.00307534,0.00307534
149, Design 149,1,1150,0.04,0.832305,-6.20412,1.51E-12,127693,7.16996,1.23E-05,0.00140726,2.97E+06,2.84E+06,1941.92,69909.2,0.655626,2.79123,1149.72,1.82326,0.952226,-35295.9,0.0295017,0.0587032,0.0960746,0.490724,0.324996,0.545681,-110885.026,-17647.9,-0.00546199,0.00546199
150, Design 150,1,1150,0.05,0.830514,-8.78795,-1.57E-11,124230,7.16161,1.23E-05,0.00141042,2.97E+06,2.84E+06,1939.62,69826.3,0.654307,2.79076,1148.78,1.81846,0.952206,-43857.5,0.0298357,0.058825,0.0957362,0.490168,0.325435,0.543411,-172228.3925,-27411,-0.00852426,0.00852426
151, Design 151,1,1150,0.06,0.822154,-10.2395,2.43E-10,120242,7.15198,1.23E-05,0.00141309,2.96E+06,2.84E+06,1936.99,69731.6,0.648235,2.78868,1144.46,1.80382,0.952195,-51816.8,0.0314001,0.0593703,0.0941724,0.487552,0.327505,0.532949,-244180.9173,-38862.6,-0.0122583,0.0122583
152, Design 152,1,1150,0.063,0.817608,-10.2195,2.28E-10,118994,7.14897,1.23E-05,0.00141381,2.96E+06,2.84E+06,1936.17,69702,0.644955,2.78755,1142.18,1.79655,0.952193,-53989,0.0322546,0.0596573,0.0933287,0.486114,0.328645,0.527321,-267137.7915,-42516.3,-0.0135091,0.0135091
153, Design 153,1,1150,0.07,0.803128,-9.12302,1.17E-10,116082,7.14194,1.23E-05,0.00141534,2.96E+06,2.84E+06,1934.25,69633.2,0.634586,2.78391,1135.16,1.77454,0.952188,-58571,0.0349946,0.0605312,0.0906692,0.481459,0.332346,0.509654,-322010.7337,-51249.6,-0.0166614,0.0166614
154, Design 154,1,1150,0.08,0.77473,-4.38787,-3.40E-10,112076,7.13227,1.23E-05,0.00141723,2.95E+06,2.84E+06,1931.63,69538.5,0.614489,2.77643,1122.27,1.73418,0.952183,-63914.8,0.0404508,0.0620812,0.0855621,0.472002,0.339903,0.476063,-401588.5323,-63914.8,-0.0217323,0.0217323
155, Design 155,1,1200,0.008,0.90895,1.36372,-7.39E-11,144480,7.21048,1.23E-05,0.00141291,2.99E+06,2.84E+06,1953.82,70337.6,0.713943,2.81024,1200.26,1.96739,0.952677,-8280.81,0.0155916,0.0525883,0.111213,0.512909,0.307698,0.648938,-5202.986372,-828.081,-0.000219817,0.000219817
156, Design 156,1,1200,0.01,0.908791,-0.48078,-2.35E-12,144199,7.2098,1.23E-05,0.0014079,2.99E+06,2.84E+06,1953.47,70324.8,0.713552,2.80821,1199.99,1.96584,0.952593,-10281.1,0.0156248,0.0526561,0.111161,0.51269,0.307868,0.648469,-8074.772766,-1285.14,-0.000343401,0.000343401
157, Design 157,1,1200,0.012,0.908803,-0.658528,-1.45E-13,143945,7.20919,1.23E-05,0.00140473,2.99E+06,2.84E+06,1953.24,70316.5,0.713529,2.80782,1199.98,1.96551,0.952562,-12269.8,0.0156235,0.0526633,0.111166,0.512666,0.30788,0.648458,-11564.01406,-1840.47,-0.00049444,0.00049444
158, Design 158,1,1200,0.02,0.908765,-1.72834,-1.89E-13,142647,7.20606,1.23E-05,0.00140132,2.99E+06,2.84E+06,1951.97,70270.8,0.713505,2.80789,1199.95,1.96418,0.952357,-20205.4,0.0156301,0.0526652,0.111158,0.512662,0.307885,0.648409,-31738.50527,-5051.34,-0.00137255,0.00137255
159, Design 159,1,1200,0.03,0.908691,-3.72356,-2.47E-14,140365,7.20055,1.23E-05,0.00140341,2.98E+06,2.84E+06,1950.28,70210.2,0.713447,2.80791,1199.9,1.96236,0.952264,-30089.4,0.0156431,0.0526716,0.111142,0.512645,0.307899,0.648303,-70896.32141,-11283.5,-0.00308559,0.00308559
160, Design 160,1,1200,0.04,0.908581,-6.24617,-5.03E-10,137265,7.19307,1.23E-05,0.00140668,2.98E+06,2.84E+06,1948.18,70134.5,0.713352,2.80787,1199.81,1.96004,0.952226,-39934.2,0.0156626,0.0526832,0.111118,0.512615,0.307921,0.648138,-125456.9893,-19967.1,-0.00547959,0.00547959
161, Design 161,1,1200,0.05,0.907911,-8.71158,-2.09E-11,133350,7.18362,1.23E-05,0.00140975,2.98E+06,2.84E+06,1945.58,70040.9,0.712812,2.80769,1199.27,1.9561,0.952206,-49691,0.0157811,0.0527467,0.110978,0.512435,0.308059,0.64717,-195136.2578,-31056.9,-0.00855046,0.00855046
162, Design 162,1,1200,0.06,0.903017,-9.53795,1.15E-10,128750,7.17252,1.23E-05,0.00141238,2.97E+06,2.84E+06,1942.55,69931.8,0.709007,2.80662,1195.46,1.94357,0.952195,-58983.8,0.0166479,0.0531845,0.109977,0.511118,0.309073,0.640245,-277954.9233,-44237.9,-0.0122935,0.0122935
163, Design 163,1,1200,0.063,0.899739,-8.79502,-9.81E-10,127288,7.16899,1.23E-05,0.00141309,2.97E+06,2.84E+06,1941.59,69897.2,0.706509,2.80593,1193.02,1.93644,0.952193,-61559.6,0.01723,0.053467,0.109316,0.510224,0.309764,0.635673,-304597.514,-48478.2,-0.0135469,0.0135469
164, Design 164,1,1200,0.07,0.887698,-7.39498,1.07E-09,123844,7.16067,1.23E-05,0.00141461,2.97E+06,2.84E+06,1939.33,69815.8,0.697586,2.80335,1184.7,1.91265,0.952188,-67006.9,0.0193796,0.0544468,0.106936,0.506861,0.312376,0.619246,-368389.4377,-58631,-0.0167051,0.0167051
165, Design 165,1,1200,0.08,0.860239,-3.95692,-2.86E-11,119078,7.14917,1.23E-05,0.00141649,2.96E+06,2.84E+06,1936.2,69703.3,0.678247,2.79731,1168.43,1.86525,0.952183,-73298.4,0.0243493,0.0564202,0.101725,0.498802,0.318703,0.583454,-460547.4299,-73298.4,-0.0217838,0.0217838
166, Design 166,1,1250,0.008,0.956289,11.4045,-4.86E-12,153606,7.23251,1.23E-05,0.00141522,3.00E+06,2.84E+06,1959.79,70552.5,0.753475,2.78009,1252.25,2.08063,0.952677,-8919.86,0.00740673,0.0479698,0.122318,0.521386,0.300919,0.720539,-5604.513329,-891.986,-0.000220488,0.000220488
167, Design 167,1,1250,0.01,0.954311,-0.496069,-1.06E-10,153317,7.23181,1.23E-05,0.00140942,3.00E+06,2.84E+06,1959.43,70539.4,0.754021,2.81697,1249.99,2.08605,0.952593,-11224.6,0.00770663,0.047532,0.121447,0.523541,0.299773,0.71957,-8815.748809,-1403.07,-0.00034445,0.000344449
168, Design 168,1,1250,0.012,0.954322,-0.697993,-3.55E-13,153046,7.23116,1.23E-05,0.00140572,3.00E+06,2.84E+06,1959.19,70530.8,0.753993,2.81648,1249.99,2.08566,0.952562,-13390.9,0.00770526,0.0475405,0.121453,0.523509,0.299792,0.719552,-12620.5945,-2008.63,-0.000495947,0.000495947
169, Design 169,1,1250,0.02,0.954308,-1.81109,-5.80E-13,151673,7.22785,1.23E-05,0.00140135,2.99E+06,2.84E+06,1957.87,70483.3,0.753985,2.81657,1249.97,2.08425,0.952357,-22037.7,0.00770759,0.0475407,0.121449,0.523512,0.299791,0.719534,-34616.7068,-5509.42,-0.0013767,0.0013767
170, Design 170,1,1250,0.03,0.954282,-3.87996,-1.17E-13,149258,7.22202,1.23E-05,0.00140302,2.99E+06,2.84E+06,1956.1,70419.6,0.753961,2.81662,1249.93,2.08231,0.952264,-32807.3,0.00771204,0.0475435,0.121442,0.52351,0.299792,0.719491,-77300.14388,-12302.7,-0.00309479,0.00309479
171, Design 171,1,1250,0.04,0.954248,-5.97608,1.97E-11,145979,7.2141,1.23E-05,0.00140613,2.99E+06,2.84E+06,1953.88,70339.5,0.753921,2.81661,1249.89,2.07986,0.952226,-43534.3,0.0077178,0.047549,0.121432,0.523504,0.299797,0.719428,-136767.3512,-21767.2,-0.00549562,0.00549562
172, Design 172,1,1250,0.05,0.954196,1.89084,-2.85E-11,141830,7.20409,1.23E-05,0.00140911,2.98E+06,2.84E+06,1951.12,70240.4,0.753861,2.81659,1249.81,2.07679,0.952206,-54197.2,0.00772663,0.0475575,0.121418,0.523494,0.299804,0.719332,-212832.2209,-33873.3,-0.00857482,0.00857482
173, Design 173,1,1250,0.06,0.952675,-0.664341,9.23E-10,136865,7.1921,1.23E-05,0.0014117,2.98E+06,2.84E+06,1947.86,70122.8,0.752319,2.81624,1247.63,2.06862,0.952195,-64633.5,0.00798746,0.0477671,0.12104,0.52317,0.300035,0.716716,-304578.0361,-48475.1,-0.0123271,0.0123271
174, Design 174,1,1250,0.063,0.951236,-6.55696,5.74E-10,135252,7.18821,1.23E-05,0.00141239,2.98E+06,2.84E+06,1946.8,70084.6,0.750901,2.81594,1245.64,2.06317,0.952193,-67616.8,0.00823449,0.0479583,0.120689,0.522859,0.300259,0.714283,-334568.3079,-53248.2,-0.0135832,0.0135832
175, Design 175,1,1250,0.07,0.944678,-4.99982,6.16E-10,131381,7.17887,1.23E-05,0.00141389,2.97E+06,2.84E+06,1944.26,69993.2,0.744799,2.81462,1237.41,2.04226,0.952188,-74047.4,0.00936272,0.0487645,0.11915,0.52138,0.301343,0.703595,-407097.0008,-64791.5,-0.0167476,0.0167476
176, Design 176,1,1250,0.08,0.924265,0.0290019,1.34E-10,125916,7.16567,1.23E-05,0.00141577,2.97E+06,2.84E+06,1940.67,69864.2,0.728176,2.81055,1217.76,1.99189,0.952183,-81524.8,0.0129069,0.0508358,0.114773,0.516286,0.305199,0.673028,-512235.4255,-81524.8,-0.0218341,0.0218341
177, Design 177,1,1300,0.008,0.981591,29.3138,-1.25E-08,161679,7.252,1.23E-05,0.00141751,3.00E+06,2.84E+06,1965.07,70742.6,0.775373,2.6257,1306.16,2.14277,0.952677,-9153.78,0.00316735,0.0462134,0.13165,0.51323,0.305739,0.761099,-5751.4896,-915.378,-0.000221082,0.00022107
178, Design 178,1,1300,0.01,0.977848,-0.509401,-5.63E-11,161439,7.25142,1.23E-05,0.00141093,3.00E+06,2.84E+06,1964.74,70730.7,0.783459,2.82108,1299.99,2.19263,0.952593,-11976.4,0.00370703,0.0433097,0.12828,0.527378,0.297325,0.766104,-9406.242564,-1497.05,-0.000345383,0.000345383
179, Design 179,1,1300,0.012,0.977854,-0.732596,-2.54E-13,161158,7.25074,1.23E-05,0.00140671,3.00E+06,2.84E+06,1964.49,70721.8,0.783434,2.82064,1299.99,2.19222,0.952562,-14282.5,0.00370629,0.043317,0.128286,0.527346,0.297345,0.766084,-13460.90771,-2142.37,-0.00049729,0.00049729
180, Design 180,1,1300,0.02,0.97785,-1.90008,-5.59E-13,159742,7.24732,1.23E-05,0.00140139,3.00E+06,2.84E+06,1963.14,70673.2,0.783433,2.82073,1299.98,2.19073,0.952357,-23487.5,0.00370699,0.0433163,0.128283,0.527352,0.297341,0.76608,-36893.98448,-5871.86,-0.00138041,0.00138041
181, Design 181,1,1300,0.03,0.977842,-4.03803,-8.99E-14,157259,7.24133,1.23E-05,0.00140266,3.00E+06,2.84E+06,1961.33,70607.8,0.783425,2.8208,1299.96,2.18869,0.952264,-34951.5,0.00370825,0.043317,0.12828,0.527356,0.297339,0.766066,-82352.45318,-13106.8,-0.00310307,0.00310307
182, Design 182,1,1300,0.04,0.977832,-6.67209,3.59E-12,153888,7.23319,1.23E-05,0.00140559,3.00E+06,2.84E+06,1959.05,70525.7,0.783406,2.82081,1299.94,2.18611,0.952226,-46370.8,0.00370996,0.0433198,0.128275,0.527356,0.297339,0.766039,-145678.1646,-23185.4,-0.00551016,0.00551016
183, Design 183,1,1300,0.05,0.977829,1.68992,8.61E-11,149621,7.22289,1.23E-05,0.00140848,2.99E+06,2.84E+06,1956.22,70423.8,0.783394,2.82079,1299.93,2.18296,0.952206,-57723.3,0.00371051,0.0433217,0.128273,0.527356,0.297339,0.766026,-226679.1046,-36077.1,-0.00859721,0.00859721
184, Design 184,1,1300,0.06,0.977642,32.1865,1.77E-09,144485,7.2105,1.23E-05,0.00141103,2.99E+06,2.84E+06,1952.84,70302.1,0.783095,2.82073,1299.38,2.17814,0.952195,-68955.8,0.00374205,0.0433669,0.128208,0.527335,0.297348,0.765586,-324946.2379,-51716.8,-0.0123586,0.0123586
185, Design 185,1,1300,0.063,0.977471,75.352,-3.15E-08,142792,7.20641,1.23E-05,0.00141172,2.99E+06,2.84E+06,1951.72,70262.1,0.782829,2.8207,1298.89,2.17595,0.952193,-72245.8,0.00377086,0.0434068,0.12815,0.527317,0.297355,0.765192,-357472.4033,-56893.5,-0.0136176,0.0136176
186, Design 186,1,1300,0.07,0.975115,30.7357,-1.53E-09,138634,7.19637,1.23E-05,0.00141321,2.98E+06,2.84E+06,1949,70163.9,0.779367,2.82019,1292.45,2.16039,0.952188,-79613.1,0.00416847,0.0439213,0.127378,0.52702,0.297512,0.759973,-437696.1133,-69661.5,-0.0167884,0.0167884
187, Design 187,1,1300,0.08,0.964596,5.07816,9.95E-10,132575,7.18175,1.23E-05,0.00141507,2.98E+06,2.84E+06,1945.03,70021,0.76688,2.81808,1271.43,2.11311,0.952183,-88479.1,0.00595189,0.045713,0.12443,0.52519,0.298715,0.739729,-555930.5811,-88479.1,-0.0218831,0.0218831
188, Design 188,1,1350,0.008,0.992735,38.6826,4.61E-09,169060,7.26981,1.23E-05,0.00141978,3.01E+06,2.84E+06,1969.9,70916.4,0.782605,2.35797,1358.41,2.14871,0.952677,-9159.75,0.00129942,0.0474151,0.14047,0.490444,0.320371,0.776919,-5755.240662,-915.975,-0.000221624,0.000221629
189, Design 189,1,1350,0.01,0.989169,-0.527766,9.93E-13,168967,7.26959,1.23E-05,0.00141245,3.01E+06,2.84E+06,1969.66,70907.9,0.806393,2.82289,1350,2.29128,0.952593,-12621.3,0.00180582,0.0397736,0.13306,0.527664,0.297696,0.797658,-9912.730132,-1577.66,-0.000346249,0.000346249
190, Design 190,1,1350,0.012,0.989171,-0.758806,-4.73E-13,168679,7.26889,1.23E-05,0.00140769,3.01E+06,2.84E+06,1969.41,70898.8,0.806374,2.82257,1350,2.29087,0.952562,-15046.6,0.00180552,0.0397789,0.133064,0.527639,0.297713,0.797641,-14181.08641,-2256.99,-0.000498535,0.000498535
191, Design 191,1,1350,0.02,0.98917,-1.99572,-3.46E-13,167229,7.26539,1.23E-05,0.00140144,3.01E+06,2.84E+06,1968.04,70849.4,0.806375,2.82264,1349.99,2.2893,0.952357,-24724,0.00180571,0.0397782,0.133062,0.527644,0.29771,0.797641,-38836.30555,-6180.99,-0.00138386,0.00138386
192, Design 192,1,1350,0.03,0.989167,-4.20711,-8.25E-14,164695,7.25928,1.23E-05,0.0014023,3.01E+06,2.84E+06,1966.19,70782.9,0.806374,2.82272,1349.98,2.28716,0.952264,-36775.8,0.00180606,0.0397778,0.13306,0.52765,0.297706,0.797639,-86650.78025,-13790.9,-0.00311076,0.00311076
193, Design 193,1,1350,0.04,0.989165,-7.13838,-6.57E-13,161258,7.25098,1.23E-05,0.00140506,3.00E+06,2.84E+06,1963.86,70699.1,0.806365,2.82274,1349.97,2.28445,0.952226,-48780,0.00180655,0.039779,0.133058,0.527652,0.297704,0.797627,-153246.8896,-24390,-0.00552371,0.00552371
194, Design 194,1,1350,0.05,0.989164,-3.74458,2.21E-10,156905,7.24048,1.23E-05,0.00140788,3.00E+06,2.84E+06,1960.98,70595.3,0.806358,2.82273,1349.96,2.28111,0.952206,-60720.8,0.00180667,0.0397803,0.133057,0.527652,0.297704,0.79762,-238450.024,-37950.5,-0.00861814,0.00861814
195, Design 195,1,1350,0.06,0.989135,33.9014,2.19E-09,151662,7.22782,1.23E-05,0.00141038,2.99E+06,2.84E+06,1957.53,70471,0.806274,2.82269,1349.79,2.27678,0.952195,-72547,0.00181144,0.0397937,0.133041,0.527653,0.297701,0.797514,-341869.9975,-54410.3,-0.0123883,0.0123883
196, Design 196,1,1350,0.063,0.989067,43.8609,-7.58E-10,149921,7.22362,1.23E-05,0.00141106,2.99E+06,2.84E+06,1956.39,70429.9,0.806089,2.82267,1349.36,2.27468,0.952193,-76061,0.00182293,0.039823,0.133004,0.527659,0.297691,0.797276,-376350.2335,-59898,-0.0136501,0.0136501
197, Design 197,1,1350,0.07,0.988717,168.017,5.37E-09,145612,7.21322,1.23E-05,0.00141253,2.99E+06,2.84E+06,1953.56,70328.1,0.805167,2.82257,1347.23,2.26754,0.952188,-84030.7,0.00188152,0.0399686,0.132822,0.527682,0.297645,0.796082,-461983.1378,-73526.9,-0.0168277,0.0168277
198, Design 198,1,1350,0.08,0.984834,45.7988,1.31E-08,139092,7.19748,1.23E-05,0.00141439,2.98E+06,2.84E+06,1949.29,70174.3,0.796816,2.82173,1328.61,2.22823,0.952183,-94275.4,0.00253238,0.0412684,0.131102,0.527651,0.297446,0.784731,-592349.8081,-94275.4,-0.021931,0.021931
199, Design 199,1,1400,0.008,0.997181,36.9861,-2.10E-08,175991,7.28654,1.23E-05,0.0014221,3.02E+06,2.84E+06,1974.43,71079.5,0.78063,2.03886,1408.11,2.1188,0.952677,-9097.24,0.000531219,0.0507828,0.149238,0.458598,0.34085,0.778429,-5715.96447,-909.724,-0.000222135,0.000222114
200, Design 200,1,1400,0.01,0.994544,-0.550312,3.02E-11,176207,7.28706,1.23E-05,0.001414,3.02E+06,2.84E+06,1974.4,71078.4,0.825341,2.82368,1400,2.38608,0.952593,-13215.2,0.000908042,0.03674,0.136683,0.52643,0.299239,0.820838,-10379.13098,-1651.89,-0.000347081,0.000347081
201, Design 201,1,1400,0.012,0.994545,-0.789589,-1.81E-13,175910,7.28635,1.23E-05,0.0014087,3.02E+06,2.84E+06,1974.14,71069.1,0.825327,2.82345,1400,2.38568,0.952562,-15749.6,0.000907921,0.0367437,0.136685,0.526411,0.299252,0.820825,-14843.6483,-2362.44,-0.000499732,0.000499732
202, Design 202,1,1400,0.02,0.994544,-2.09709,-4.51E-13,174425,7.28276,1.23E-05,0.00140149,3.02E+06,2.84E+06,1972.74,71018.8,0.825329,2.8235,1400,2.38401,0.952357,-25858.7,0.000907973,0.0367431,0.136684,0.526415,0.29925,0.820826,-40618.78239,-6464.68,-0.00138716,0.00138716
203, Design 203,1,1400,0.03,0.994544,-4.38717,-3.07E-13,171838,7.27652,1.23E-05,0.00140197,3.01E+06,2.84E+06,1970.86,70951,0.825331,2.82359,1399.99,2.38177,0.952264,-38447.2,0.000908087,0.0367421,0.136682,0.526422,0.299246,0.820828,-90589.0808,-14417.7,-0.00311815,0.00311815
204, Design 204,1,1400,0.04,0.994543,-7.40093,1.51E-13,168330,7.26805,1.23E-05,0.00140456,3.01E+06,2.84E+06,1968.49,70865.6,0.825327,2.82363,1399.98,2.37891,0.952226,-50984.8,0.00090823,0.0367425,0.136681,0.526425,0.299243,0.820823,-160173.4731,-25492.4,-0.00553671,0.00553671
205, Design 205,1,1400,0.05,0.994543,-5.36859,-2.44E-10,163888,7.25733,1.23E-05,0.00140729,3.01E+06,2.84E+06,1965.54,70759.6,0.825324,2.82363,1399.99,2.37538,0.952206,-63457.5,0.00090821,0.036743,0.13668,0.526426,0.299243,0.82082,-249196.7841,-39660.9,-0.0086382,0.0086382
206, Design 206,1,1400,0.06,0.994533,17.0532,7.17E-10,158530,7.2444,1.23E-05,0.00140975,3.00E+06,2.84E+06,1962.02,70632.7,0.825272,2.82361,1399.86,2.37091,0.952195,-75832.6,0.000909804,0.0367516,0.136671,0.526429,0.299239,0.820761,-357353.0228,-56874.5,-0.0124167,0.0124167
207, Design 207,1,1400,0.063,0.99452,42.6775,1.88E-09,156754,7.24011,1.23E-05,0.00141042,3.00E+06,2.84E+06,1960.85,70590.7,0.825206,2.82359,1399.69,2.3692,0.952193,-79500.2,0.000912014,0.0367624,0.136659,0.526434,0.299233,0.820684,-393367.6126,-62606.4,-0.0136813,0.0136813
208, Design 208,1,1400,0.07,0.994385,104.247,-1.30E-08,152324,7.22942,1.23E-05,0.00141189,3.00E+06,2.84E+06,1957.95,70486.1,0.824566,2.82353,1397.93,2.36261,0.952188,-87943.4,0.000934585,0.0368662,0.136542,0.526489,0.299168,0.819936,-483494.251,-76950.5,-0.0168655,0.0168655
209, Design 209,1,1400,0.08,0.993406,266.504,5.53E-09,145497,7.21294,1.23E-05,0.00141373,2.99E+06,2.84E+06,1953.47,70325.1,0.820468,2.82324,1386.95,2.33786,0.952183,-99172.7,0.00109782,0.0375283,0.135777,0.526811,0.298787,0.815058,-623120.4515,-99172.7,-0.0219781,0.0219782
210, Design 210,1,1450,0.008,0.998861,29.1811,-2.31E-08,182604,7.3025,1.23E-05,0.00142438,3.03E+06,2.84E+06,1978.76,71235.3,0.776678,1.75881,1456.37,2.08669,0.952677,-9096.9,0.000225462,0.0544852,0.15717,0.426747,0.361372,0.775794,-5715.750842,-909.69,-0.000222621,0.000222598
211, Design 211,1,1450,0.01,0.997147,-0.57543,5.23E-13,183326,7.30425,1.23E-05,0.00141555,3.03E+06,2.84E+06,1979.05,71246,0.841579,2.82402,1450,2.47923,0.952593,-13786.8,0.000474473,0.0340919,0.139616,0.524647,0.30117,0.839177,-10828.1274,-1723.35,-0.0003479,0.0003479
212, Design 212,1,1450,0.012,0.997147,-0.82593,2.56E-13,183020,7.30351,1.23E-05,0.00140971,3.03E+06,2.84E+06,1978.79,71236.5,0.841568,2.82384,1450,2.47883,0.952562,-16425.8,0.000474424,0.0340946,0.139618,0.524632,0.30118,0.839167,-15480.95178,-2463.87,-0.000500909,0.000500909
213, Design 213,1,1450,0.02,0.997147,-2.20496,-1.82E-14,181495,7.29983,1.23E-05,0.00140156,3.02E+06,2.84E+06,1977.37,71185.2,0.84157,2.82388,1450,2.47707,0.952357,-26949,0.000474438,0.0340941,0.139617,0.524635,0.301179,0.839169,-42331.39021,-6737.25,-0.00139042,0.00139042
214, Design 214,1,1450,0.03,0.997147,-4.57758,1.02E-13,178846,7.29343,1.23E-05,0.00140164,3.02E+06,2.84E+06,1975.44,71115.9,0.841574,2.82399,1449.99,2.4747,0.952264,-40051.8,0.000474482,0.0340928,0.139615,0.524643,0.301174,0.839172,-94369.6734,-15019.4,-0.0031254,0.0031254
215, Design 215,1,1450,0.04,0.997146,-7.67907,-3.10E-13,175254,7.28476,1.23E-05,0.00140408,3.02E+06,2.84E+06,1973.01,71028.5,0.841572,2.82404,1449.99,2.47168,0.952226,-53100.2,0.000474531,0.0340927,0.139614,0.524648,0.301171,0.839171,-166819.1982,-26550.1,-0.00554944,0.00554944
216, Design 216,1,1450,0.05,0.997146,-8.41221,4.31E-11,170706,7.27379,1.23E-05,0.00140673,3.01E+06,2.84E+06,1970,70920,0.841569,2.82405,1449.99,2.46793,0.952206,-66083.7,0.000474545,0.0340932,0.139613,0.524649,0.30117,0.839168,-259510.0045,-41302.3,-0.00865778,0.00865778
217, Design 217,1,1450,0.06,0.997144,14.2063,1.78E-10,165221,7.26055,1.23E-05,0.00140914,3.01E+06,2.84E+06,1966.39,70790.1,0.841547,2.82403,1449.94,2.46333,0.952195,-78964.5,0.00047489,0.034097,0.13961,0.52465,0.301168,0.839143,-372111.5967,-59223.4,-0.0124444,0.0124444
218, Design 218,1,1450,0.063,0.997139,33.9205,-5.97E-11,163400,7.25615,1.23E-05,0.00140981,3.01E+06,2.84E+06,1965.2,70747.1,0.841504,2.82402,1449.81,2.46161,0.952193,-82792.7,0.000475668,0.0341041,0.139602,0.524655,0.301163,0.839097,-409658.6555,-65199.2,-0.0137116,0.0137116
219, Design 219,1,1450,0.07,0.997092,101.605,1.54E-09,158856,7.24518,1.23E-05,0.00141126,3.00E+06,2.84E+06,1962.22,70639.8,0.8411,2.82398,1448.55,2.4557,0.952188,-91612.8,0.000483543,0.0341706,0.139532,0.524702,0.301112,0.838654,-503667.674,-80161.2,-0.0169023,0.0169023
220, Design 220,1,1450,0.08,0.996788,353.565,-3.29E-09,151792,7.22813,1.23E-05,0.00141309,2.99E+06,2.84E+06,1957.59,70473.2,0.838718,2.82381,1441.14,2.43707,0.952183,-103554,0.000534204,0.0345615,0.139111,0.52498,0.300813,0.836024,-650648.9713,-103554,-0.0220244,0.0220244
221, Design 221,1,1500,0.008,0.999498,21.4951,5.48E-09,188977,7.31789,1.23E-05,0.00142659,3.03E+06,2.84E+06,1982.93,71385.3,0.776023,1.56306,1504.66,2.08539,0.952677,-9208.36,0.000103197,0.056872,0.163644,0.401552,0.377829,0.775634,-5785.783226,-920.836,-0.000223081,0.000223086
222, Design 222,1,1500,0.01,0.998449,-0.60197,-6.01E-13,190408,7.32134,1.23E-05,0.00141707,3.03E+06,2.84E+06,1983.69,71412.7,0.855778,2.82415,1500,2.57181,0.952593,-14349.9,0.000257805,0.0317553,0.142097,0.52274,0.303151,0.854451,-11270.33798,-1793.73,-0.000348714,0.000348714
223, Design 223,1,1500,0.012,0.998449,-0.866301,1.88E-13,190093,7.32058,1.23E-05,0.00141074,3.03E+06,2.84E+06,1983.42,71403,0.85577,2.82401,1500,2.5714,0.952562,-17091.6,0.000257786,0.0317573,0.142098,0.522728,0.303159,0.854443,-16108.51633,-2563.75,-0.00050208,0.00050208
224, Design 224,1,1500,0.02,0.998449,-2.31498,-3.96E-13,188523,7.31679,1.23E-05,0.00140163,3.03E+06,2.84E+06,1981.96,71350.6,0.855771,2.82405,1500,2.56953,0.952357,-28022,0.000257789,0.0317569,0.142097,0.52273,0.303158,0.854444,-44016.9175,-7005.51,-0.00139365,0.00139365
225, Design 225,1,1500,0.03,0.998449,-4.78099,-1.21E-12,185802,7.31022,1.23E-05,0.00140134,3.03E+06,2.84E+06,1979.99,71279.6,0.855777,2.82417,1500,2.56703,0.952264,-41630.3,0.000257809,0.0317554,0.142095,0.522739,0.303152,0.854449,-98089.3191,-15611.4,-0.00313259,0.00313259
226, Design 226,1,1500,0.04,0.998449,-8.11677,1.71E-12,182113,7.30132,1.23E-05,0.00140361,3.02E+06,2.84E+06,1977.5,71189.9,0.855776,2.82423,1499.99,2.56383,0.952226,-55180.5,0.000257834,0.0317551,0.142094,0.522744,0.303149,0.854449,-173354.3393,-27590.2,-0.00556206,0.00556206
227, Design 227,1,1500,0.05,0.998449,-10.7343,8.87E-11,177443,7.29005,1.23E-05,0.00140618,3.02E+06,2.84E+06,1974.41,71078.6,0.855772,2.82425,1499.99,2.55983,0.952206,-68663.9,0.000257871,0.0317557,0.142092,0.522747,0.303147,0.854444,-269642.8975,-42915,-0.00867714,0.00867714
228, Design 228,1,1500,0.06,0.998448,6.16669,-2.17E-09,171810,7.27645,1.23E-05,0.00140855,3.01E+06,2.84E+06,1970.7,70945.2,0.855754,2.82424,1499.94,2.55495,0.952195,-82044.9,0.00025803,0.0317588,0.142089,0.522749,0.303145,0.854425,-386627.6397,-61533.7,-0.0124717,0.0124717
229, Design 229,1,1500,0.063,0.998446,22.3976,-2.38E-10,169939,7.27193,1.23E-05,0.00140921,3.01E+06,2.84E+06,1969.47,70901,0.855721,2.82423,1499.83,2.55318,0.952193,-86025.1,0.000258367,0.0317642,0.142084,0.522752,0.303141,0.854391,-425653.132,-67744.8,-0.0137414,0.0137414
230, Design 230,1,1500,0.07,0.998424,71.3725,1.69E-09,165265,7.26065,1.23E-05,0.00141065,3.01E+06,2.84E+06,1966.41,70790.6,0.855404,2.82421,1498.73,2.54731,0.952188,-95217.3,0.000261872,0.0318166,0.14203,0.522796,0.303096,0.854057,-523484.2122,-83315.1,-0.0169384,0.0169384
231, Design 231,1,1500,0.08,0.998277,198.363,-2.02E-09,157962,7.24302,1.23E-05,0.00141248,3.00E+06,2.84E+06,1961.62,70618.4,0.853387,2.82411,1491.59,2.52885,0.952183,-107792,0.00028633,0.0321498,0.141683,0.523072,0.302809,0.851917,-677277.1106,-107792,-0.0220698,0.0220698
232, Design 232,1,1550,0.008,0.999756,16.1985,5.09E-09,195299,7.33315,1.23E-05,0.00142879,3.04E+06,2.84E+06,1987.06,71534.2,0.779462,1.4396,1553.46,2.10706,0.952677,-9415.12,5.14E-05,0.0576405,0.168816,0.383649,0.389843,0.779272,-5915.694365,-941.512,-0.000223547,0.000223553
233, Design 233,1,1550,0.01,0.999125,-0.629001,-4.76E-12,197494,7.33844,1.23E-05,0.0014186,3.04E+06,2.84E+06,1988.32,71579.5,0.868339,2.82418,1550,2.66431,0.952593,-14910.6,0.00014541,0.0296792,0.144249,0.520882,0.305045,0.867579,-11710.72644,-1863.82,-0.000349528,0.000349528
234, Design 234,1,1550,0.012,0.999125,-0.909646,-1.22E-14,197169,7.33766,1.23E-05,0.00141175,3.04E+06,2.84E+06,1988.04,71569.6,0.868334,2.82409,1550,2.6639,0.952562,-17754.8,0.000145405,0.0296805,0.144249,0.520874,0.305051,0.867574,-16733.44194,-2663.21,-0.000503251,0.000503251
235, Design 235,1,1550,0.02,0.999125,-2.41649,-5.67E-13,195551,7.33375,1.23E-05,0.00140171,3.04E+06,2.84E+06,1986.56,71516,0.868335,2.82412,1550,2.66192,0.952357,-29090.6,0.000145405,0.0296801,0.144249,0.520876,0.30505,0.867575,-45695.40762,-7272.65,-0.00139688,0.00139688
236, Design 236,1,1550,0.03,0.999125,-5.0043,2.15E-13,192748,7.32699,1.23E-05,0.00140105,3.04E+06,2.84E+06,1984.53,71443.1,0.86834,2.82424,1550,2.65926,0.952264,-43201.7,0.000145416,0.0296787,0.144246,0.520885,0.305044,0.86758,-101792.0002,-16200.7,-0.00313978,0.00313978
237, Design 237,1,1550,0.04,0.999125,-9.98928,-1.71E-12,188951,7.31782,1.23E-05,0.00140316,3.03E+06,2.84E+06,1981.97,71350.9,0.868339,2.82432,1549.99,2.65585,0.952226,-57253.6,0.000145446,0.0296785,0.144244,0.520892,0.30504,0.867579,-179867.4892,-28626.8,-0.00557463,0.00557463
238, Design 238,1,1550,0.05,0.999124,-25.5797,-2.53E-10,184141,7.30621,1.23E-05,0.00140566,3.03E+06,2.84E+06,1978.78,71236.2,0.868315,2.82436,1549.89,2.65145,0.952206,-71247.7,0.000145606,0.0296821,0.144239,0.520899,0.305034,0.867554,-279788.9851,-44529.8,-0.00869638,0.00869638
239, Design 239,1,1550,0.06,0.99912,-36.2105,-1.77E-10,178340,7.29221,1.23E-05,0.00140799,3.02E+06,2.84E+06,1974.97,71098.8,0.868232,2.82437,1549.56,2.64578,0.952195,-85134.2,0.000146162,0.0296959,0.144225,0.520912,0.305021,0.867468,-401185.7801,-63850.7,-0.0124987,0.0124987
240, Design 240,1,1550,0.063,0.999119,-24.9864,-3.51E-10,176414,7.28756,1.23E-05,0.00140864,3.02E+06,2.84E+06,1973.7,71053.3,0.868196,2.82436,1549.41,2.64383,0.952193,-89260.4,0.00014641,0.0297019,0.144219,0.520917,0.305016,0.867431,-441660.8032,-70292.5,-0.013771,0.013771
241, Design 241,1,1550,0.07,0.999109,7.14367,-1.07E-09,171598,7.27594,1.23E-05,0.00141006,3.01E+06,2.84E+06,1970.55,70939.7,0.867941,2.82434,1548.42,2.63792,0.952188,-98809.6,0.000148066,0.0297443,0.144176,0.520954,0.304978,0.867167,-543234.1486,-86458.4,-0.016974,0.016974
242, Design 242,1,1550,0.08,0.999048,212.124,4.00E-09,164072,7.25777,1.23E-05,0.00141188,3.01E+06,2.84E+06,1965.62,70762.2,0.866482,2.82423,1542.73,2.62154,0.952183,-111881,0.000158257,0.0299862,0.14393,0.521167,0.304759,0.865657,-702969.0554,-111881,-0.0221148,0.0221148
243, Design 243,1,1600,0.008,0.999873,12.7553,-1.11E-08,201495,7.3481,1.23E-05,0.00143103,3.04E+06,2.84E+06,1991.11,71680.1,0.785166,1.35619,1602.69,2.14221,0.952677,-9672.92,2.73E-05,0.0574348,0.173205,0.370225,0.399108,0.785066,-6077.674882,-967.292,-0.000224011,0.000224
244, Design 244,1,1600,0.01,0.999489,-0.654964,-3.52E-12,204605,7.35561,1.23E-05,0.00142012,3.05E+06,2.84E+06,1992.97,71746.9,0.879531,2.82414,1600,2.75698,0.952593,-15472.1,8.49E-05,0.0278252,0.146145,0.519141,0.306804,0.879081,-12151.74322,-1934.01,-0.000350346,0.000350346
245, Design 245,1,1600,0.012,0.999489,-0.95475,2.99E-12,204270,7.3548,1.23E-05,0.00141276,3.05E+06,2.84E+06,1992.69,71736.7,0.879528,2.82411,1600,2.75657,0.952562,-18418.8,8.49E-05,0.0278259,0.146145,0.519137,0.306807,0.879078,-17359.37286,-2762.83,-0.000504427,0.000504427
246, Design 246,1,1600,0.02,0.999489,-2.51969,-4.84E-13,202599,7.35077,1.23E-05,0.00140182,3.05E+06,2.84E+06,1991.17,71681.9,0.879528,2.82413,1600,2.75448,0.952357,-30160.9,8.49E-05,0.0278256,0.146144,0.519139,0.306807,0.879079,-47376.59952,-7540.22,-0.00140012,0.00140012
247, Design 247,1,1600,0.03,0.999489,-5.23511,1.48E-12,199708,7.34379,1.23E-05,0.00140078,3.04E+06,2.84E+06,1989.08,71606.9,0.879534,2.82426,1600,2.75165,0.952264,-44775.5,8.49E-05,0.0278242,0.146142,0.519148,0.306801,0.879084,-105499.7079,-16790.8,-0.00314697,0.00314697
248, Design 248,1,1600,0.04,0.999489,-12.1809,-1.03E-10,195792,7.33434,1.23E-05,0.00140273,3.04E+06,2.84E+06,1986.44,71511.9,0.879531,2.82435,1599.97,2.74801,0.952226,-59330,8.50E-05,0.0278242,0.146139,0.519157,0.306795,0.879081,-186390.6921,-29665,-0.00558721,0.00558721
249, Design 249,1,1600,0.05,0.999488,-49.2464,1.62E-09,190827,7.32235,1.23E-05,0.00140515,3.03E+06,2.84E+06,1983.15,71393.6,0.879487,2.82443,1599.77,2.74315,0.952206,-73847,8.51E-05,0.0278311,0.146129,0.51917,0.306784,0.879036,-289996.6479,-46154.4,-0.00871559,0.00871559
250, Design 250,1,1600,0.06,0.999483,-136.306,-1.07E-09,184832,7.30788,1.23E-05,0.00140744,3.03E+06,2.84E+06,1979.21,71251.6,0.879292,2.82448,1598.88,2.73621,0.952195,-88286.8,8.60E-05,0.0278632,0.146095,0.519205,0.306751,0.878837,-416041.7434,-66215.1,-0.0125255,0.0125255
251, Design 251,1,1600,0.063,0.99948,-155.777,1.20E-09,182843,7.30308,1.23E-05,0.00140809,3.03E+06,2.84E+06,1977.91,71204.6,0.87919,2.82448,1598.42,2.73361,0.952193,-92570.9,8.64E-05,0.0278802,0.146078,0.519221,0.306735,0.878733,-458041.6956,-72899.6,-0.0138003,0.0138003
252, Design 252,1,1600,0.07,0.999473,-149.881,-8.59E-09,177881,7.2911,1.23E-05,0.0014095,3.02E+06,2.84E+06,1974.65,71087.5,0.878903,2.82445,1597.06,2.72679,0.952188,-102441,8.76E-05,0.0279278,0.14603,0.519263,0.306691,0.878439,-563199.5982,-89636,-0.0170094,0.0170094
253, Design 253,1,1600,0.08,0.999444,58.0638,7.84E-09,170109,7.27235,1.23E-05,0.00141131,3.01E+06,2.84E+06,1969.56,70904.3,0.877766,2.82434,1592.25,2.7115,0.952183,-116017,9.24E-05,0.0281169,0.145841,0.519434,0.306516,0.877277,-728956.3098,-116017,-0.0221592,0.0221592
254, Design 254,1,1650,0.008,0.999928,10.8561,-5.18E-09,207643,7.36294,1.23E-05,0.00143324,3.05E+06,2.84E+06,1995.13,71824.8,0.793877,1.31152,1652.32,2.19281,0.952677,-9987.18,1.55E-05,0.0560612,0.17688,0.361569,0.405475,0.79382,-6275.130264,-998.718,-0.000224463,0.000224457
255, Design 255,1,1650,0.01,0.999692,-0.680422,1.23E-11,211751,7.37286,1.23E-05,0.00142163,3.05E+06,2.84E+06,1997.64,71915.2,0.889552,2.82406,1650.01,2.84995,0.952593,-16035.8,5.12E-05,0.0261633,0.147832,0.517536,0.308418,0.889278,-12594.51928,-2004.48,-0.000351168,0.000351168
256, Design 256,1,1650,0.012,0.999692,-1.00248,8.99E-13,211405,7.37202,1.23E-05,0.00141376,3.05E+06,2.84E+06,1997.35,71904.7,0.889552,2.8241,1650,2.84954,0.952562,-19085.7,5.12E-05,0.0261631,0.147831,0.517538,0.308417,0.889278,-17987.87989,-2862.86,-0.000505608,0.000505608
257, Design 257,1,1650,0.02,0.999692,-2.62834,4.28E-13,209679,7.36786,1.23E-05,0.00140194,3.05E+06,2.84E+06,1995.79,71848.6,0.889553,2.82412,1650,2.84733,0.952357,-31235.9,5.12E-05,0.0261629,0.14783,0.51754,0.308416,0.889278,-49065.2684,-7808.98,-0.00140337,0.00140337
258, Design 258,1,1650,0.03,0.999692,-5.47158,-4.47E-13,206693,7.36065,1.23E-05,0.00140052,3.05E+06,2.84E+06,1993.65,71771.3,0.889558,2.82425,1650,2.84433,0.952264,-46356.2,5.12E-05,0.0261615,0.147827,0.51755,0.30841,0.889283,-109224.3801,-17383.6,-0.0031542,0.0031542
259, Design 259,1,1650,0.04,0.999692,-13.993,-2.51E-10,202650,7.35089,1.23E-05,0.00140231,3.05E+06,2.84E+06,1990.92,71673.3,0.889554,2.82435,1649.96,2.84044,0.952226,-61414.6,5.12E-05,0.0261617,0.147824,0.517559,0.308404,0.889279,-192939.6562,-30707.3,-0.00559982,0.00559982
260, Design 260,1,1650,0.05,0.999691,-66.0155,1.74E-10,197521,7.33851,1.23E-05,0.00140466,3.04E+06,2.84E+06,1987.53,71551.1,0.889494,2.82445,1649.64,2.8351,0.952206,-76446,5.14E-05,0.0261711,0.147812,0.517577,0.308389,0.889219,-300202.4258,-47778.7,-0.00873482,0.00873482
261, Design 261,1,1650,0.06,0.999687,-190.902,-7.53E-10,191324,7.32355,1.23E-05,0.00140692,3.03E+06,2.84E+06,1983.46,71404.4,0.889302,2.82453,1648.65,2.82763,0.952195,-91415.5,5.19E-05,0.0262027,0.147777,0.517614,0.308354,0.889024,-430785.2378,-68561.6,-0.0125524,0.0125524
262, Design 262,1,1650,0.063,0.999685,-252.039,-1.62E-08,189264,7.31858,1.23E-05,0.00140755,3.03E+06,2.84E+06,1982.1,71355.7,0.889161,2.82454,1647.92,2.82444,0.952193,-95878.5,5.23E-05,0.0262261,0.147753,0.517638,0.30833,0.888881,-474407.5084,-75504.3,-0.0138296,0.0138296
263, Design 263,1,1650,0.07,0.999678,-337.212,7.18E-08,184131,7.30619,1.23E-05,0.00140895,3.03E+06,2.84E+06,1978.74,71234.6,0.888751,2.82454,1645.84,2.81609,0.952188,-106128,5.34E-05,0.0262941,0.147685,0.517703,0.308265,0.888465,-583466.6407,-92861.6,-0.0170446,0.0170447
264, Design 264,1,1650,0.08,0.999661,-210.033,-2.46E-08,176098,7.2868,1.23E-05,0.00141076,3.02E+06,2.84E+06,1973.48,71045.2,0.887684,2.82444,1640.74,2.79984,0.952183,-120202,5.63E-05,0.0264715,0.147508,0.517867,0.308097,0.887383,-755251.4403,-120202,-0.0222032,0.0222032
265, Design 265,1,1700,0.008,0.999958,9.63631,-1.66E-08,213740,7.37766,1.23E-05,0.00143528,3.06E+06,2.84E+06,1999.12,71968.4,0.802702,1.27548,1702.08,2.24697,0.952677,-10312.8,9.12E-06,0.0545305,0.180308,0.354061,0.411092,0.802668,-6479.723344,-1031.28,-0.000224911,0.000224894
266, Design 266,1,1700,0.01,0.999809,-0.699277,-5.36E-11,218940,7.39021,1.23E-05,0.0014231,3.06E+06,2.84E+06,2002.35,72084.4,0.898562,2.82392,1700.01,2.94327,0.952593,-16603,3.18E-05,0.0246682,0.149344,0.516066,0.30989,0.89839,-13039.93429,-2075.37,-0.000351994,0.000351994
267, Design 267,1,1700,0.012,0.999809,-1.05372,7.61E-12,218582,7.38935,1.23E-05,0.00141475,3.06E+06,2.84E+06,2002.05,72073.7,0.898565,2.82406,1700,2.94288,0.952562,-19756.5,3.18E-05,0.0246672,0.149341,0.516076,0.309884,0.898393,-18620.09399,-2963.48,-0.000506796,0.000506796
268, Design 268,1,1700,0.02,0.999809,-2.74515,-2.62E-13,216797,7.38504,1.23E-05,0.00140207,3.06E+06,2.84E+06,2000.45,72016.1,0.898566,2.82409,1700,2.94055,0.952357,-32317.4,3.18E-05,0.0246669,0.14934,0.516078,0.309883,0.898394,-50764.05321,-8079.35,-0.00140665,0.00140665
269, Design 269,1,1700,0.03,0.999808,-5.71373,5.22E-13,213711,7.37759,1.23E-05,0.00140028,3.06E+06,2.84E+06,1998.24,71936.5,0.898571,2.82422,1700,2.93736,0.952264,-47946.4,3.18E-05,0.0246655,0.149337,0.516088,0.309877,0.898399,-112971.0435,-17979.9,-0.00316146,0.00316146
270, Design 270,1,1700,0.04,0.999808,-14.886,9.41E-13,209533,7.3675,1.23E-05,0.00140192,3.05E+06,2.84E+06,1995.42,71835.3,0.898567,2.82434,1699.96,2.93322,0.952226,-63510,3.18E-05,0.0246656,0.149334,0.516099,0.30987,0.898395,-199522.5494,-31755,-0.00561247,0.00561247
271, Design 271,1,1700,0.05,0.999808,-74.8846,-4.57E-09,204232,7.35471,1.23E-05,0.00140419,3.05E+06,2.84E+06,1991.92,71709.1,0.898518,2.82446,1699.66,2.92762,0.952206,-79054,3.19E-05,0.0246734,0.149322,0.516117,0.309855,0.898345,-310444.0179,-49408.7,-0.0087541,0.0087541
272, Design 272,1,1700,0.06,0.999805,-266.622,-6.99E-08,197817,7.33922,1.23E-05,0.00140641,3.04E+06,2.84E+06,1987.7,71557.2,0.898282,2.82457,1698.32,2.91918,0.952195,-94584,3.23E-05,0.0247122,0.14928,0.516165,0.309811,0.898107,-445716.5993,-70938,-0.0125793,0.0125792
273, Design 273,1,1700,0.063,0.999804,-330.599,-1.77E-09,195686,7.33408,1.23E-05,0.00140704,3.04E+06,2.84E+06,1986.3,71506.9,0.898182,2.82459,1697.78,2.91618,0.952193,-99202.1,3.25E-05,0.0247286,0.149263,0.516182,0.309794,0.898006,-490853.1176,-78121.7,-0.0138589,0.0138589
274, Design 274,1,1700,0.07,0.999799,-531.698,-8.39E-10,190366,7.32124,1.23E-05,0.00140843,3.03E+06,2.84E+06,1982.82,71381.3,0.897663,2.82461,1694.84,2.90605,0.952188,-109856,3.34E-05,0.0248146,0.149175,0.516269,0.309708,0.897483,-603967.4177,-96124.4,-0.0170797,0.0170797
275, Design 275,1,1700,0.08,0.999787,-505.223,1.16E-08,182063,7.3012,1.23E-05,0.00141022,3.02E+06,2.84E+06,1977.38,71185.6,0.896581,2.82453,1688.99,2.888,0.952183,-124415,3.54E-05,0.0249947,0.148996,0.516437,0.309536,0.89639,-781722.5,-124415,-0.0222471,0.0222471
276, Design 276,1,1750,0.008,0.999975,8.67408,-7.04E-09,219856,7.39242,1.23E-05,0.00143731,3.06E+06,2.84E+06,2003.12,72112.4,0.811518,1.24583,1751.91,2.30328,0.952677,-10647.6,5.55E-06,0.0529022,0.183529,0.347456,0.416107,0.811498,-6690.084388,-1064.76,-0.000225361,0.000225354
277, Design 277,1,1750,0.01,0.999878,-0.709851,-7.38E-13,226174,7.40767,1.23E-05,0.0014245,3.07E+06,2.84E+06,2007.08,72254.8,0.906691,2.82375,1750.01,3.03699,0.952593,-17174.1,2.03E-05,0.023319,0.150706,0.514723,0.311231,0.90658,-13488.49089,-2146.76,-0.000352826,0.000352826
278, Design 278,1,1750,0.012,0.999878,-1.08554,1.42E-12,225804,7.40678,1.23E-05,0.00141569,3.07E+06,2.84E+06,2006.77,72243.7,0.906698,2.82404,1750,3.03664,0.952562,-20432.4,2.03E-05,0.0233167,0.1507,0.514746,0.311217,0.906588,-19257.08332,-3064.86,-0.000507992,0.000507992
279, Design 279,1,1750,0.02,0.999878,-2.86854,9.82E-13,223957,7.40232,1.23E-05,0.0014022,3.07E+06,2.84E+06,2005.13,72184.7,0.906698,2.82405,1750,3.03416,0.952357,-33406.3,2.03E-05,0.0233167,0.150699,0.514746,0.311218,0.906587,-52474.46192,-8351.57,-0.00140994,0.00140994
280, Design 280,1,1750,0.03,0.999878,-5.96148,-2.15E-13,220767,7.39462,1.23E-05,0.00140005,3.06E+06,2.84E+06,2002.85,72102.5,0.906703,2.82419,1750,3.03078,0.952264,-49547.6,2.03E-05,0.0233153,0.150696,0.514757,0.311211,0.906593,-116744.0963,-18580.4,-0.00316876,0.00316876
281, Design 281,1,1750,0.04,0.999878,-15.7833,1.43E-10,216447,7.38419,1.23E-05,0.00140153,3.06E+06,2.84E+06,1999.94,71998,0.9067,2.82432,1749.96,3.02638,0.952226,-65619.8,2.03E-05,0.0233153,0.150693,0.514768,0.311204,0.906589,-206150.6816,-32809.9,-0.00562519,0.00562519
282, Design 282,1,1750,0.05,0.999877,-102.347,-2.29E-09,210962,7.37095,1.23E-05,0.00140374,3.05E+06,2.84E+06,1996.32,71867.4,0.906626,2.82447,1749.46,3.02012,0.952206,-81698.7,2.04E-05,0.023327,0.150676,0.514793,0.311183,0.906515,-320830.1232,-51061.7,-0.00877344,0.00877344
283, Design 283,1,1750,0.06,0.999876,-335.493,1.42E-09,204323,7.35493,1.23E-05,0.00140592,3.05E+06,2.84E+06,1991.95,71710.3,0.906398,2.82459,1748.02,3.01109,0.952195,-97764,2.07E-05,0.0233643,0.150635,0.514841,0.311139,0.906286,-460701.9963,-73323,-0.0126062,0.0126062
284, Design 284,1,1750,0.063,0.999875,-428.23,-1.67E-09,202116,7.3496,1.23E-05,0.00140654,3.04E+06,2.84E+06,1990.51,71658.2,0.906275,2.82462,1747.28,3.00764,0.952193,-102549,2.08E-05,0.0233848,0.150614,0.514864,0.311117,0.906161,-507414.9658,-80757.6,-0.0138882,0.0138882
285, Design 285,1,1750,0.07,0.999872,-636.101,3.89E-09,196618,7.33633,1.23E-05,0.00140792,3.04E+06,2.84E+06,1986.9,71528.5,0.905826,2.82464,1744.49,2.99741,0.952188,-113546,2.13E-05,0.0234592,0.150538,0.514939,0.311043,0.90571,-624248.9116,-99352.3,-0.0171149,0.0171149
286, Design 286,1,1750,0.08,0.999863,-781.569,-2.80E-08,188014,7.31556,1.23E-05,0.0014097,3.03E+06,2.84E+06,1981.27,71325.6,0.904656,2.82459,1737.59,2.97704,0.952183,-128659,2.28E-05,0.0236536,0.150344,0.515126,0.310853,0.904532,-808388.3384,-128659,-0.0222908,0.0222908
287, Design 287,1,1800,0.008,0.999984,-327.386,-1.31E-08,225888,7.40698,1.23E-05,0.00143931,3.07E+06,2.84E+06,2007.07,72254.4,0.82041,1.22471,1800,2.36081,0.952677,-14341.3,3.54E-06,0.051137,0.18645,0.342113,0.420296,0.820396,-9010.904545,-1434.13,-0.000225804,0.000225791
288, Design 288,1,1800,0.01,0.99992,-0.922525,2.33E-12,233455,7.42525,1.23E-05,0.0014259,3.08E+06,2.84E+06,2011.84,72426.2,0.914046,2.82353,1800,3.13109,0.952593,-17750.5,1.33E-05,0.0220982,0.151938,0.513495,0.312455,0.913973,-13941.25722,-2218.82,-0.000353663,0.000353663
289, Design 289,1,1800,0.012,0.99992,-1.11757,3.86E-12,233073,7.42432,1.23E-05,0.0014166,3.08E+06,2.84E+06,2011.52,72414.9,0.91406,2.82402,1800,3.13083,0.952562,-21113.1,1.33E-05,0.022094,0.151928,0.513535,0.31243,0.913987,-19898.65937,-3166.97,-0.000509195,0.000509195
290, Design 290,1,1800,0.02,0.99992,-3.01461,-7.55E-13,231162,7.41971,1.23E-05,0.00140234,3.07E+06,2.84E+06,2009.84,72354.3,0.914059,2.82401,1800,3.12821,0.952357,-34503.5,1.33E-05,0.0220942,0.151928,0.513533,0.312432,0.913986,-54198.00248,-8625.88,-0.00141325,0.00141325
291, Design 291,1,1800,0.03,0.99992,-6.28413,-3.54E-12,227862,7.41175,1.23E-05,0.00139982,3.07E+06,2.84E+06,2007.49,72269.5,0.914064,2.82415,1800,3.12462,0.952264,-51160.9,1.33E-05,0.0220929,0.151925,0.513544,0.312425,0.913991,-120544.7951,-19185.3,-0.00317609,0.00317609
292, Design 292,1,1800,0.04,0.99992,-16.3521,3.03E-11,223395,7.40096,1.23E-05,0.00140117,3.07E+06,2.84E+06,2004.49,72161.5,0.914061,2.82429,1799.95,3.11993,0.952226,-67744.3,1.33E-05,0.0220929,0.151921,0.513556,0.312417,0.913988,-212824.681,-33872.1,-0.00563796,0.00563796
293, Design 293,1,1800,0.05,0.99992,-117.324,-2.10E-09,217721,7.38727,1.23E-05,0.0014033,3.06E+06,2.84E+06,2000.74,72026.5,0.913981,2.82445,1799.37,3.11318,0.952206,-84347.3,1.34E-05,0.0221055,0.151903,0.513584,0.312395,0.913908,-331230.6798,-52717,-0.00879286,0.00879285
294, Design 294,1,1800,0.06,0.999918,-455.216,-6.32E-09,210837,7.37065,1.23E-05,0.00140544,3.05E+06,2.84E+06,1996.21,71863.6,0.913682,2.82463,1797.28,3.10261,0.952195,-101009,1.36E-05,0.0221545,0.151848,0.513648,0.312336,0.913608,-475993.3844,-75756.7,-0.0126331,0.0126331
295, Design 295,1,1800,0.063,0.999917,-584.48,5.78E-08,208550,7.36513,1.23E-05,0.00140606,3.05E+06,2.84E+06,1994.71,71809.6,0.913542,2.82466,1796.34,3.09869,0.952193,-105967,1.37E-05,0.0221777,0.151824,0.513674,0.312311,0.913467,-524326.7873,-83449.2,-0.0139175,0.0139176
296, Design 296,1,1800,0.07,0.999915,-872.752,1.26E-07,202855,7.35139,1.23E-05,0.00140742,3.05E+06,2.84E+06,1990.98,71675.3,0.913073,2.8247,1793.13,3.08735,0.952188,-117343,1.41E-05,0.0222556,0.151745,0.513754,0.312232,0.912995,-645126.0514,-102675,-0.01715,0.0171502
297, Design 297,1,1800,0.08,0.999909,-1161.4,-2.65E-08,193951,7.32989,1.23E-05,0.0014092,3.04E+06,2.84E+06,1985.15,71465.4,0.911862,2.82467,1785.28,3.06478,0.952183,-132962,1.51E-05,0.0224568,0.151544,0.51395,0.312034,0.911779,-835424.8848,-132962,-0.0223345,0.0223345
